entity_type,name,sport,city,state,tier,cwg_2036_relevance,olympic_2032_relevance,digital_readiness,pipeline_stage,participants_or_capacity,frequency,age,gender,performance_level,funding_status,athletiq_opportunity_score,tags,notes,source_link
Event,Khelo India Youth Games 2026,Multi-Sport,Bhopal,Madhya Pradesh,Tier1,10.0,9.0,8.0,Elite,4500.0,Annual,,Mixed,National,Fully_Funded,10.0,"CWG2036,Olympic2032,flagship,multi-sport",National-level multi-sport event; top 3 performers fast-tracked to SAI centres,https://kheloindia.gov.in
Event,Haryana State Wrestling Championship,Wrestling,Sonipat,Haryana,Tier2,9.0,9.0,5.0,Development,620.0,Annual,,Mixed,State,Partially_Funded,9.0,"CWG2036,wrestling-belt,high-potential",Haryana produces 40% of India's Olympic wrestling medallists; strong rural pipeline,https://www.haryanasports.gov.in
Event,Bhiwani District Boxing Meet,Boxing,Bhiwani,Haryana,Tier3,9.0,9.0,3.0,Discovery,280.0,Annual,,Mixed,District,Unfunded,8.0,"CWG2036,Olympic2032,rural-talent,boxing-hub",Bhiwani known as India's boxing nursery; produces national champions from farming families,https://www.saibhiwani.gov.in
Event,Tamil Nadu State Athletics Championship,Athletics,Coimbatore,Tamil Nadu,Tier2,8.0,8.0,6.0,Development,850.0,Annual,,Mixed,State,Partially_Funded,8.0,"CWG2036,Olympic2032,athletics,south-india",TN consistently among top 3 states in national athletics; strong sprinting culture,https://www.tnasports.org
Event,Maharashtra State Shooting Championship,Shooting,Pune,Maharashtra,Metro,9.0,10.0,7.0,Development,320.0,Annual,,Mixed,State,Partially_Funded,9.0,"Olympic2032,shooting,high-potential",Maharashtra leads in shooting; multiple Olympians from Pune/Kolhapur belt,https://www.nrai.in
Event,Punjab State Hockey Tournament,Hockey,Jalandhar,Punjab,Tier2,9.0,7.0,5.0,Development,480.0,Annual,,Mixed,State,Partially_Funded,8.0,"CWG2036,hockey,Punjab-tradition",Punjab hockey tradition runs deep; many Indian team members from Jalandhar region,https://www.hockeyindia.org
Event,Manipur State Boxing Championship,Boxing,Imphal,Manipur,Tier2,9.0,9.0,4.0,Development,340.0,Annual,,Mixed,State,Partially_Funded,9.0,"CWG2036,Olympic2032,boxing,northeast",Manipur has produced Mary Kom and numerous national boxing champions; NE boxing powerhouse,https://www.manipursports.gov.in
Event,Rohtak District Dangal,Wrestling,Rohtak,Haryana,Tier3,8.0,7.0,2.0,Discovery,150.0,Monthly,,Male,Village,Unfunded,7.0,"rural-talent,wrestling,village-dangal,discovery",Monthly village dangals are primary talent identification mechanism in Haryana wrestling belt,https://www.haryanasports.gov.in
Event,Jharkhand State Archery Meet,Archery,Ranchi,Jharkhand,Tier2,8.0,8.0,4.0,Development,260.0,Annual,,Mixed,State,Partially_Funded,8.0,"CWG2036,Olympic2032,tribal-talent,archery",Jharkhand tribal communities have natural archery talent; Deepika Kumari's home state,https://www.jharkhandandsports.gov.in
Event,Kerala State Badminton Championship,Badminton,Kochi,Kerala,Tier1,8.0,8.0,6.0,Development,380.0,Annual,,Mixed,State,Partially_Funded,7.0,"CWG2036,Olympic2032,badminton",Kerala badminton scene growing; PV Sindhu effect driving participation across South,https://www.keralasports.org
Event,Rajasthan Rural Sports Festival,Multi-Sport,Jodhpur,Rajasthan,Tier2,6.0,5.0,3.0,Discovery,1200.0,Annual,,Mixed,District,Unfunded,7.0,"rural-talent,multi-sport,discovery,tribal",Large participation from Rajasthani villages; wrestling and kabaddi dominate; minimal digital tracking,https://www.rajasthansports.org
Event,Kolkata District Table Tennis Open,Table Tennis,Kolkata,West Bengal,Metro,7.0,6.0,6.0,Development,180.0,Biannual,,Mixed,District,Partially_Funded,6.0,"CWG2036,table-tennis,urban",Strong TT culture in Bengal; Sharath Kamal effect boosting junior participation,https://www.ttfi.org
Event,Gujarat State Kabaddi League,Kabaddi,Ahmedabad,Gujarat,Tier1,7.0,3.0,5.0,Development,560.0,Annual,,Mixed,State,Partially_Funded,6.0,"CWG2036,kabaddi,commercial-potential",Pro Kabaddi League driving grassroots interest; Gujarat strong in both men's and women's kabaddi,https://www.prokabaddi.com
Event,Odisha State Hockey Championship,Hockey,Rourkela,Odisha,Tier2,9.0,7.0,5.0,Development,420.0,Annual,,Mixed,State,Partially_Funded,8.0,"CWG2036,hockey,tribal-talent",Odisha government heavily invested in hockey; Birsa Munda Stadium in Rourkela; Sundargarh hockey belt,https://www.hockeyindia.org
Event,Karnataka State Swimming Championship,Swimming,Bangalore,Karnataka,Metro,7.0,6.0,7.0,Development,280.0,Annual,,Mixed,State,Partially_Funded,6.0,"CWG2036,swimming,infrastructure",Bangalore has best swimming infrastructure in South India; growing competitive scene,https://www.swimmingfederation.in
Event,Assam State Boxing Championship,Boxing,Guwahati,Assam,Tier2,8.0,8.0,4.0,Development,220.0,Annual,,Mixed,State,Partially_Funded,7.0,"CWG2036,Olympic2032,northeast,boxing",NE boxing tradition strong in Assam; Shiva Thapa's home state; SAI centre in Guwahati,https://www.bfi.org.in
Event,Telangana State Badminton Open,Badminton,Hyderabad,Telangana,Metro,8.0,8.0,7.0,Development,340.0,Annual,,Mixed,State,Partially_Funded,7.0,"CWG2036,Olympic2032,badminton,Pullela-Academy",Hyderabad is India's badminton capital; Gopichand Academy nearby; deep talent pool,https://www.bai.org.in
Event,UP State Wrestling Championship,Wrestling,Lucknow,Uttar Pradesh,Tier1,9.0,8.0,4.0,Development,580.0,Annual,,Mixed,State,Partially_Funded,8.0,"CWG2036,Olympic2032,wrestling,large-participation",UP second largest wrestling state after Haryana; massive rural participation base,https://www.upsports.gov.in
Event,Chennai District Chess Tournament,Chess,Chennai,Tamil Nadu,Metro,7.0,5.0,8.0,Development,450.0,Monthly,,Mixed,District,Partially_Funded,6.0,"CWG2036,chess,Viswanathan-Anand-effect",Chennai is India's chess capital; 5 grandmasters from TN; monthly tournaments feed pipeline,https://www.aicf.in
Event,MP State Shooting Championship,Shooting,Bhopal,Madhya Pradesh,Tier1,9.0,10.0,6.0,Development,240.0,Annual,,Mixed,State,Partially_Funded,8.0,"Olympic2032,shooting,high-medal-potential",MP Academy of Shooting has produced multiple Olympians; Bhopal is shooting hub,https://www.nrai.in
Event,Hisar Village Dangal Circuit,Wrestling,Hisar,Haryana,Tier3,7.0,6.0,1.0,Discovery,200.0,Weekly,,Male,Village,Unfunded,7.0,"rural-talent,wrestling,village-dangal,pen-paper",Weekly dangals in Hisar villages; zero digital infrastructure; pure talent identification opportunity,https://www.haryanasports.gov.in
Event,Tata Mumbai Marathon Youth Run,Athletics,Mumbai,Maharashtra,Metro,7.0,7.0,9.0,Development,3200.0,Annual,,Mixed,National,Fully_Funded,7.0,"CWG2036,athletics,urban,well-funded",Youth category attracts emerging distance runners; fully digital race timing and tracking,https://www.tatamumbaimarathon.procam.in
Event,Jharkhand Tribal Archery Festival,Archery,Simdega,Jharkhand,Rural,7.0,7.0,2.0,Discovery,350.0,Annual,,Mixed,Village,Unfunded,8.0,"tribal-talent,archery,discovery,rural-talent",Tribal archery has centuries-old tradition; untapped talent for Olympic-style recurve archery,https://www.jharkhandsports.gov.in
Event,Patiala District Athletics Meet,Athletics,Patiala,Punjab,Tier2,8.0,7.0,5.0,Development,320.0,Annual,,Mixed,District,Partially_Funded,7.0,"CWG2036,athletics,NIS-Patiala",NIS Patiala nearby provides coaching expertise; district meets feed into state trials,https://www.nispatiala.nic.in
Event,Karnataka State Weightlifting Championship,Weightlifting,Mangalore,Karnataka,Tier2,8.0,8.0,5.0,Development,180.0,Annual,,Mixed,State,Partially_Funded,7.0,"CWG2036,Olympic2032,weightlifting",Mirabai Chanu effect driving weightlifting interest; Karnataka producing junior lifters,https://www.iwf.net
Event,West Bengal State Football Championship,Football,Siliguri,West Bengal,Tier2,7.0,5.0,5.0,Development,640.0,Annual,,Mixed,State,Partially_Funded,6.0,"CWG2036,football,Bengal-football-culture",Bengal has deepest football culture in India; Mohun Bagan/East Bengal feeder system,https://www.the-aiff.com
Event,Imphal District Boxing Open,Boxing,Imphal,Manipur,Tier2,9.0,9.0,3.0,Discovery,160.0,Biannual,,Mixed,District,Unfunded,8.0,"CWG2036,Olympic2032,boxing,northeast,discovery",Biannual district meet discovers raw talent from Manipur villages; many champions started here,https://www.bfi.org.in
Event,Chhattisgarh State Archery Championship,Archery,Raipur,Chhattisgarh,Tier2,7.0,7.0,3.0,Development,190.0,Annual,,Mixed,State,Unfunded,7.0,"archery,tribal-talent,emerging-state",Emerging archery state with tribal talent base; minimal infrastructure but raw skill pool,https://www.cgsports.gov.in
Event,Delhi NCR School Sports League,Multi-Sport,New Delhi,Delhi,Metro,7.0,6.0,8.0,Discovery,5200.0,Annual,,Mixed,District,Fully_Funded,6.0,"school-sports,multi-sport,urban,digital",Large-scale school sports covering 200+ schools; good digital infrastructure but saturated market,https://www.delhisports.gov.in
Event,Chandigarh Cycling Championship,Cycling,Chandigarh,Punjab,Tier1,7.0,6.0,6.0,Development,180.0,Annual,,Mixed,State,Partially_Funded,6.0,"CWG2036,cycling,emerging-sport",Cycling gaining popularity in North India; Chandigarh's cycling infrastructure supports growth,https://www.cyclingfederation.in
Event,Guwahati District Wrestling Meet,Wrestling,Guwahati,Assam,Tier2,7.0,6.0,3.0,Discovery,120.0,Annual,,Mixed,District,Unfunded,6.0,"wrestling,northeast,emerging",NE wrestling emerging; Assam produces some national-level wrestlers; needs investment,https://www.wfi.in
Event,Visakhapatnam Beach Kabaddi Tournament,Kabaddi,Visakhapatnam,Andhra Pradesh,Tier2,7.0,3.0,4.0,Discovery,240.0,Annual,,Mixed,District,Unfunded,5.0,"kabaddi,beach-sport,coastal",Unique beach kabaddi format; coastal AP has strong kabaddi tradition; tourism angle,https://www.prokabaddi.com
Event,Ludhiana Cycling Gran Fondo,Cycling,Ludhiana,Punjab,Tier2,6.0,5.0,5.0,Development,400.0,Annual,,Mixed,District,Partially_Funded,5.0,"cycling,Punjab,mass-participation",Mass participation cycling event; growing from 200 to 400 riders in 3 years,https://www.cyclingfederation.in
Event,Nagpur Inter-Academy Boxing Cup,Boxing,Nagpur,Maharashtra,Tier2,8.0,8.0,5.0,Development,180.0,Annual,,Mixed,State,Partially_Funded,7.0,"boxing,academy-circuit,development",Inter-academy format builds competitive depth; Nagpur emerging as Central India boxing hub,https://www.bfi.org.in
Event,Thiruvananthapuram State Volleyball Championship,Volleyball,Thiruvananthapuram,Kerala,Tier2,7.0,5.0,5.0,Development,320.0,Annual,,Mixed,State,Partially_Funded,5.0,"CWG2036,volleyball,Kerala",Kerala volleyball is culturally significant; strong inter-district competition,https://www.vfi.org.in
Event,Jaipur Royal Polo Cup,Polo,Jaipur,Rajasthan,Tier1,3.0,2.0,7.0,Elite,60.0,Annual,,Mixed,National,Fully_Funded,3.0,"niche-sport,heritage,elite",Heritage sport event; limited mass participation but high media visibility,https://www.rajpolo.com
Event,Bhubaneswar Hockey World League,Hockey,Bhubaneswar,Odisha,Metro,10.0,8.0,8.0,Elite,1200.0,Annual,,Mixed,International,Fully_Funded,8.0,"CWG2036,hockey,world-class-venue",Kalinga Stadium is world-class; Odisha government's hockey investment is model for other states,https://www.hockeyindia.org
Event,Bareilly District Kabaddi Tournament,Kabaddi,Bareilly,Uttar Pradesh,Tier3,6.0,3.0,2.0,Discovery,280.0,Annual,,Mixed,District,Unfunded,5.0,"kabaddi,UP,rural-talent,discovery",UP rural kabaddi tournaments are massive but poorly documented; talent slips through cracks,https://www.prokabaddi.com
Event,Shillong Archery Festival,Archery,Shillong,Meghalaya,Tier2,7.0,7.0,3.0,Discovery,200.0,Annual,,Mixed,District,Unfunded,7.0,"archery,northeast,tribal-talent,cultural",Khasi archery tradition; unique cultural heritage combined with competitive potential,https://www.meghalayasports.gov.in
Event,Indore State Badminton Open,Badminton,Indore,Madhya Pradesh,Tier2,7.0,7.0,6.0,Development,260.0,Annual,,Mixed,State,Partially_Funded,6.0,"CWG2036,badminton,MP",MP badminton gaining ground; Indore has good indoor stadium infrastructure,https://www.bai.org.in
Event,Varanasi Ganga Marathon,Athletics,Varanasi,Uttar Pradesh,Tier2,6.0,5.0,5.0,Development,1800.0,Annual,,Mixed,District,Partially_Funded,5.0,"athletics,marathon,cultural-tourism",Combines marathon with cultural tourism; attracts runners from across North India,https://www.varanasimarathon.com
Event,Jamshedpur Steel City Football Cup,Football,Jamshedpur,Jharkhand,Tier2,7.0,5.0,5.0,Development,320.0,Annual,,Mixed,State,Partially_Funded,6.0,"football,Tata-backed,industrial-town",Tata Steel supports local football; Jamshedpur FC academy feeds into ISL system,https://www.jamshedpurfc.com
Event,Kohima Hornbill Wrestling Championship,Wrestling,Kohima,Nagaland,Tier3,6.0,5.0,2.0,Discovery,100.0,Annual,,Male,State,Unfunded,6.0,"wrestling,Naga-tradition,cultural,northeast",Naga wrestling during Hornbill Festival; unique indigenous wrestling style with potential crossover,https://www.hornbillfestival.com
Event,Vijayawada District Swimming Meet,Swimming,Vijayawada,Andhra Pradesh,Tier2,6.0,5.0,4.0,Discovery,140.0,Annual,,Mixed,District,Unfunded,5.0,"swimming,AP,infrastructure-gap",Growing swimming interest but pool infrastructure limited; needs investment for competitive development,https://www.swimmingfederation.in
Event,Dehradun Inter-School Athletics Championship,Athletics,Dehradun,Uttarakhand,Tier2,7.0,6.0,5.0,Discovery,680.0,Annual,,Mixed,District,Partially_Funded,6.0,"athletics,school-sports,hill-talent",Hill region produces natural endurance athletes; altitude training advantage; school system well-organized,https://www.uttarakhandsports.gov.in
Event,Mysuru District Chess Open,Chess,Mysuru,Karnataka,Tier2,6.0,5.0,7.0,Development,220.0,Monthly,,Mixed,District,Partially_Funded,5.0,"chess,Karnataka,digital-ready",Monthly chess tournaments with digital rating tracking; Karnataka chess federation well-organized,https://www.kca.org.in
Event,Gwalior State Gymnastics Championship,Gymnastics,Gwalior,Madhya Pradesh,Tier2,7.0,6.0,4.0,Development,120.0,Annual,,Mixed,State,Partially_Funded,6.0,"CWG2036,gymnastics,emerging-sport",Dipa Karmakar's success inspiring gymnastics growth; MP investing in infrastructure,https://www.indiangymnastics.com
Event,Coimbatore District Weightlifting Meet,Weightlifting,Coimbatore,Tamil Nadu,Tier2,8.0,8.0,5.0,Development,150.0,Annual,,Mixed,District,Partially_Funded,7.0,"CWG2036,Olympic2032,weightlifting,TN",TN weightlifting growing; Coimbatore produces junior national medalists; Mirabai Chanu effect,https://www.iwlf.in
Event,Patna State Shooting Championship,Shooting,Patna,Bihar,Tier2,8.0,9.0,4.0,Development,140.0,Annual,,Mixed,State,Unfunded,7.0,"Olympic2032,shooting,emerging-state",Bihar shooting emerging; Shreyasi Singh from Bihar won CWG gold; infrastructure needs improvement,https://www.nrai.in
Event,Amritsar Heritage Hockey Festival,Hockey,Amritsar,Punjab,Tier2,8.0,6.0,4.0,Discovery,280.0,Annual,,Mixed,District,Partially_Funded,6.0,"CWG2036,hockey,heritage,Punjab",Heritage festival celebrating Punjab hockey tradition; veterans mentor young players,https://www.hockeyindia.org
Academy,Hari Om Wrestling Akhada,Wrestling,Sonipat,Haryana,Tier2,9.0,9.0,3.0,Development,85.0,,,Mixed,State,Partially_Funded,9.0,"CWG2036,Olympic2032,wrestling-akhada,Haryana",Mud-pit akhada with 40+ years history; produced 3 national champions; needs digital infrastructure upgrade,https://www.wfi.in
Academy,Chennai Shooting Academy,Shooting,Chennai,Tamil Nadu,Metro,9.0,10.0,7.0,Development,60.0,,,Mixed,National,Partially_Funded,8.0,"Olympic2032,shooting,south-india,established",10m and 50m ranges; electronic scoring; 2 Olympians trained here; strong coaching staff,https://www.nrai.in
Academy,Imphal Boxing Club,Boxing,Imphal,Manipur,Tier2,9.0,9.0,4.0,Development,45.0,,,Mixed,National,Partially_Funded,9.0,"CWG2036,Olympic2032,boxing,northeast,Mary-Kom-legacy",Mary Kom trained nearby; produces 5+ national medalists annually; basic but effective infrastructure,https://www.bfi.org.in
Academy,Kolkata Table Tennis Centre,Table Tennis,Kolkata,West Bengal,Metro,7.0,6.0,6.0,Development,40.0,,,Mixed,State,Partially_Funded,6.0,"CWG2036,table-tennis,urban,Bengal",4-table centre with coaching staff of 3; produces state-level players; digital ranking system,https://www.ttfi.org
Academy,Patiala Athletics Academy,Athletics,Patiala,Punjab,Tier2,8.0,8.0,7.0,Elite,70.0,,,Mixed,National,Fully_Funded,8.0,"CWG2036,Olympic2032,NIS-affiliated,athletics",Adjacent to NIS Patiala; access to world-class track and field facilities; SAI supported,https://www.nispatiala.nic.in
Academy,Bellary JSW Sports Academy,Multi-Sport,Bellary,Karnataka,Tier3,10.0,9.0,9.0,Elite,120.0,,,Mixed,International,Fully_Funded,9.0,"CWG2036,Olympic2032,world-class,JSW-backed",JSW Inspire Institute of Sport; Olympic-standard facilities; 8+ sports; international coaches,https://www.jsw.in/sports
Academy,Rohtak Wrestling Academy,Wrestling,Rohtak,Haryana,Tier3,9.0,8.0,3.0,Development,55.0,,,Male,State,Unfunded,8.0,"CWG2036,wrestling,rural-talent,unfunded",Traditional akhada modernizing; 2 SAI-certified coaches; needs equipment and digital tools,https://www.wfi.in
Academy,Bhopal Shooting Academy,Shooting,Bhopal,Madhya Pradesh,Tier1,9.0,10.0,7.0,Elite,50.0,,,Mixed,National,Fully_Funded,8.0,"Olympic2032,shooting,MP-Academy,medal-factory",Part of MP State Shooting Academy network; electronic targets; Olympian coaches on staff,https://www.nrai.in
Academy,Guwahati Boxing Training Centre,Boxing,Guwahati,Assam,Tier2,8.0,8.0,4.0,Development,40.0,,,Mixed,State,Partially_Funded,7.0,"CWG2036,Olympic2032,boxing,northeast",SAI-supported centre; 3 coaches including 1 international; ring and basic gym equipment,https://www.bfi.org.in
Academy,Jaipur Badminton Academy,Badminton,Jaipur,Rajasthan,Tier1,7.0,7.0,6.0,Development,50.0,,,Mixed,State,Partially_Funded,6.0,"CWG2036,badminton,north-India",4-court indoor facility; 2 national-level coaches; growing junior enrollment,https://www.bai.org.in
Academy,Sundargarh Hockey Academy,Hockey,Sundargarh,Odisha,Rural,9.0,7.0,3.0,Development,65.0,,,Mixed,National,Partially_Funded,9.0,"CWG2036,hockey,tribal-talent,Odisha-model",Tribal boys and girls from Sundargarh district; produced Indian team members; astroturf ground,https://www.hockeyindia.org
Academy,Karnal Weightlifting Centre,Weightlifting,Karnal,Haryana,Tier3,8.0,8.0,3.0,Development,30.0,,,Mixed,State,Unfunded,7.0,"CWG2036,Olympic2032,weightlifting,Haryana",Basic equipment but strong coaching; 1 NIS-certified coach; needs platform and modern weights,https://www.iwlf.in
Academy,Ranchi Archery School,Archery,Ranchi,Jharkhand,Tier2,8.0,8.0,5.0,Development,50.0,,,Mixed,National,Partially_Funded,8.0,"CWG2036,Olympic2032,archery,Deepika-Kumari-school",Deepika Kumari's legacy drives enrollment; SAI-supported; recurve and compound training,https://www.archeryassociationofindia.org
Academy,Thiruvananthapuram Athletics Club,Athletics,Thiruvananthapuram,Kerala,Tier2,8.0,7.0,5.0,Development,55.0,,,Mixed,State,Partially_Funded,7.0,"CWG2036,athletics,Kerala,sprinting",Kerala produces sprinters and jumpers; synthetic track access; 2 experienced coaches,https://www.keralasports.org
Academy,Ludhiana Hockey Academy,Hockey,Ludhiana,Punjab,Tier2,9.0,7.0,4.0,Development,60.0,,,Mixed,State,Partially_Funded,7.0,"CWG2036,hockey,Punjab-tradition",Strong local hockey tradition; astroturf ground; 2 former Olympians as visiting coaches,https://www.hockeyindia.org
Academy,Vijayanagar Wrestling Centre,Wrestling,Hospet,Karnataka,Tier3,8.0,7.0,3.0,Development,35.0,,,Male,District,Unfunded,7.0,"wrestling,south-India,emerging,discovery",South India wrestling emerging; Karnataka kushti tradition; needs modern equipment,https://www.wfi.in
Academy,Hyderabad Badminton Academy,Badminton,Hyderabad,Telangana,Metro,9.0,9.0,8.0,Elite,75.0,,,Mixed,International,Fully_Funded,8.0,"CWG2036,Olympic2032,Gopichand-model,world-class",Inspired by Gopichand Academy model; 6 courts; international coaching staff; well-funded,https://www.bai.org.in
Academy,Bhiwani Boxing Academy,Boxing,Bhiwani,Haryana,Tier3,9.0,9.0,3.0,Development,40.0,,,Mixed,National,Partially_Funded,9.0,"CWG2036,Olympic2032,boxing-nursery,Bhiwani",Bhiwani is Mini Cuba of boxing; produced Vijender Singh; basic but battle-tested facility,https://www.bfi.org.in
Academy,Pune Swimming Club,Swimming,Pune,Maharashtra,Metro,7.0,6.0,7.0,Development,80.0,,,Mixed,State,Partially_Funded,6.0,"CWG2036,swimming,urban,Pune",50m Olympic pool; 4 certified coaches; strong junior program; digital timing system,https://www.swimmingfederation.in
Academy,Manipur Weightlifting Academy,Weightlifting,Imphal,Manipur,Tier2,9.0,9.0,4.0,Development,35.0,,,Mixed,National,Partially_Funded,9.0,"CWG2036,Olympic2032,weightlifting,Mirabai-legacy",Mirabai Chanu's legacy; NE weightlifting powerhouse; SAI-supported; needs modern platform,https://www.iwlf.in
Academy,Dharamshala Cricket & Athletics Academy,Athletics,Dharamshala,Himachal Pradesh,Tier3,7.0,6.0,4.0,Development,45.0,,,Mixed,State,Partially_Funded,6.0,"athletics,hill-station,altitude-training",Altitude training advantage for middle-distance runners; scenic location attracts trainees,https://www.hpsports.gov.in
Academy,Nagpur Judo Centre,Judo,Nagpur,Maharashtra,Tier2,8.0,7.0,5.0,Development,30.0,,,Mixed,State,Partially_Funded,6.0,"CWG2036,judo,central-India",2 tatami mats; NIS-certified coach; produces state medalists; growing enrollment,https://www.judoindia.org
Academy,Shivaji Kushti Kendra,Wrestling,Sangli,Maharashtra,Tier3,8.0,7.0,3.0,Development,40.0,,,Mixed,District,Unfunded,7.0,"wrestling,Maharashtra-kushti,rural-talent",Traditional Maharashtra kushti centre; red soil akhada; 50+ years of tradition,https://www.wfi.in
Academy,Thoubal Boxing Club,Boxing,Thoubal,Manipur,Rural,8.0,8.0,2.0,Discovery,25.0,,,Mixed,District,Unfunded,8.0,"boxing,northeast,rural-talent,discovery",Rural boxing club run by former state boxer; produces raw talent with minimal resources,https://www.bfi.org.in
Academy,Vizag Swimming Academy,Swimming,Visakhapatnam,Andhra Pradesh,Tier2,7.0,6.0,5.0,Development,45.0,,,Mixed,State,Partially_Funded,5.0,"CWG2036,swimming,coastal,AP",Coastal training advantage; 25m pool; 2 coaches; growing competitive culture,https://www.swimmingfederation.in
Academy,Coimbatore Chess Academy,Chess,Coimbatore,Tamil Nadu,Tier2,7.0,5.0,8.0,Development,60.0,,,Mixed,State,Partially_Funded,6.0,"chess,TN,digital-ready,Viswanathan-Anand",Fully digital with online and offline coaching; produces FIDE-rated players; TN chess belt,https://www.aicf.in
Academy,Rourkela Hockey Training Centre,Hockey,Rourkela,Odisha,Tier2,9.0,7.0,5.0,Development,55.0,,,Mixed,National,Partially_Funded,8.0,"CWG2036,hockey,Odisha-model,Kalinga",Adjacent to Birsa Munda Hockey Stadium; Odisha government fully backs hockey development,https://www.hockeyindia.org
Academy,Jammu Wrestling Academy,Wrestling,Jammu,Jammu & Kashmir,Tier2,8.0,7.0,3.0,Development,30.0,,,Mixed,State,Unfunded,7.0,"wrestling,J&K,emerging,border-region",J&K wrestling growing; mountain-region athletes have natural strength; needs modern facilities,https://www.wfi.in
Academy,Madurai Athletics Training Centre,Athletics,Madurai,Tamil Nadu,Tier2,8.0,7.0,5.0,Development,50.0,,,Mixed,State,Partially_Funded,7.0,"CWG2036,athletics,TN,south-India",South TN athletics hub; produces sprinters and shot-putters; university-affiliated,https://www.tnasports.org
Academy,Cuttack Football Academy,Football,Cuttack,Odisha,Tier2,7.0,5.0,5.0,Development,55.0,,,Mixed,State,Partially_Funded,6.0,"football,Odisha,youth-development",Odisha football growing; ISL team East Bengal scouting from here; 2 licensed coaches,https://www.the-aiff.com
Academy,Ernakulam Kayaking Club,Canoeing,Kochi,Kerala,Tier1,7.0,6.0,5.0,Development,25.0,,,Mixed,State,Partially_Funded,6.0,"CWG2036,canoeing,Kerala-waterways",Kerala's waterways ideal for canoeing training; niche sport with medal potential at CWG,https://www.canoeingfederation.in
Academy,Gandhinagar Archery Centre,Archery,Gandhinagar,Gujarat,Tier1,7.0,7.0,5.0,Development,35.0,,,Mixed,State,Partially_Funded,6.0,"archery,Gujarat,emerging",New archery facility; 2 coaches; compound and recurve training; Gujarat government supported,https://www.gujaratsports.gov.in
Academy,Varanasi Wrestling Akhada,Wrestling,Varanasi,Uttar Pradesh,Tier2,8.0,7.0,2.0,Discovery,40.0,,,Male,District,Unfunded,7.0,"wrestling,UP,traditional-akhada,heritage",Historic akhada near ghats; 60+ year tradition; mud-pit wrestling; produces district champions,https://www.wfi.in
Academy,Shillong Archery Academy,Archery,Shillong,Meghalaya,Tier2,7.0,7.0,3.0,Development,30.0,,,Mixed,State,Unfunded,7.0,"archery,northeast,Khasi-tradition",Khasi archery tradition modernized; recurve training; state government grant pending,https://www.meghalayasports.gov.in
Academy,Bhubaneswar Athletics Centre,Athletics,Bhubaneswar,Odisha,Tier1,8.0,7.0,6.0,Development,65.0,,,Mixed,State,Partially_Funded,7.0,"CWG2036,athletics,Odisha,Kalinga",Part of Kalinga Stadium complex; synthetic track; 3 SAI coaches; feeds into national camps,https://www.odishasports.gov.in
Academy,Amritsar Gatka & Wrestling Academy,Wrestling,Amritsar,Punjab,Tier2,7.0,6.0,3.0,Development,30.0,,,Male,District,Unfunded,6.0,"wrestling,Punjab,gatka,traditional",Combines Sikh martial art Gatka with modern wrestling; cultural preservation meets competitive sport,https://www.punjabsports.gov.in
Academy,Rajkot Cricket & Athletics Academy,Athletics,Rajkot,Gujarat,Tier2,7.0,6.0,5.0,Development,55.0,,,Mixed,State,Partially_Funded,6.0,"athletics,Gujarat,multi-sport",Track and field focus; 400m synthetic track; 2 NIS coaches; growing competitive program,https://www.gujaratsports.gov.in
Academy,Agartala Boxing Club,Boxing,Agartala,Tripura,Tier3,8.0,7.0,3.0,Discovery,20.0,,,Mixed,District,Unfunded,7.0,"boxing,northeast,emerging,Tripura",Small but producing district champions; NE boxing culture extending to Tripura; needs equipment,https://www.bfi.org.in
Academy,Dharwad Kabaddi Academy,Kabaddi,Dharwad,Karnataka,Tier3,7.0,3.0,4.0,Development,40.0,,,Mixed,State,Partially_Funded,5.0,"kabaddi,Karnataka,PKL-feeder",North Karnataka kabaddi tradition; produces Pro Kabaddi talent; 2 coaches,https://www.prokabaddi.com
Academy,Dehradun Shooting Range,Shooting,Dehradun,Uttarakhand,Tier2,9.0,10.0,6.0,Development,30.0,,,Mixed,State,Partially_Funded,8.0,"Olympic2032,shooting,hill-state,emerging",10m electronic range; military influence in coaching; Doon Valley shooting culture; 1 NIS coach,https://www.nrai.in
Academy,Punjab FC,Football,Mohali,Punjab,Tier1,6.0,5.0,8.0,Onboarding,120.0,Daily,16.0,Mixed,AIFF Accredited Academy,Partially_Funded,8.0,"academy,football,accredited,aiff,punjab-fc","Age Groups: U-12, U-13, U-14, U-15, U-16, U-18 | Competitions: , Indian Football League, , Second Division League, , AIFF Elite League, , AIFF Junior League, , AIFF Sub Junior League, , Hero Super Cup | Medical: Medical Provisions:Status, Physiotherapist:No, Full sized Football Pitches:No, Small sized Football Pitches:No | Logo: https://aiff.b-cdn.net/logos/sm_11135-logo_small-1757679563.png | Website: nan",https://www.the-aiff.com/club/11135
Academy,Bengaluru Football Club,Football,Bengaluru,Karnataka,Tier1,6.0,5.0,8.0,Onboarding,120.0,Daily,16.0,Mixed,AIFF Accredited Academy,Partially_Funded,8.0,"academy,football,accredited,aiff,bengaluru-football-club","Age Groups: U-12, U-13, U-14, U-15, U-16, U-17, U-18 | Competitions: , Indian Super League, , Second Division League, , AIFF Elite League, , AIFF Junior League, , AIFF Sub Junior League, , Hero Super Cup, , Durand Cup | Medical: Medical Provisions:Status, Physiotherapist:No, Full sized Football Pitches:No, Small sized Football Pitches:No | Logo: https://aiff.b-cdn.net/logos/sm_8021-logo_small-1578937550.png | Website: https://www.bengalurufc.com/",https://www.the-aiff.com/club/8021
Academy,Reliance Foundation Young Champs,Football,Navi Mumbai,Maharashtra,Tier1,6.0,5.0,8.0,Onboarding,120.0,Daily,16.0,Mixed,AIFF Accredited Academy,Partially_Funded,8.0,"academy,football,accredited,aiff,reliance-foundation-young-champs","Age Groups: nan | Competitions: , AIFF Elite League, , AIFF Junior League, , AIFF Sub Junior League | Medical: Medical Provisions:Status, Physiotherapist:No, Full sized Football Pitches:No, Small sized Football Pitches:No | Logo: https://aiff.b-cdn.net/logos/sm_11472-logo_small-1602054182.jpg | Website: https://www.rfyoungchamps.org/",https://www.the-aiff.com/club/11472
Academy,Minerva Academy FC,Football,Mohali,Punjab,Tier1,6.0,5.0,8.0,Onboarding,120.0,Daily,16.0,Mixed,AIFF Accredited Academy,Partially_Funded,8.0,"academy,football,accredited,aiff,minerva-academy-fc","Age Groups: nan | Competitions: nan | Medical: Medical Provisions:Status, Physiotherapist:No, Full sized Football Pitches:No, Small sized Football Pitches:No | Logo: https://aiff.b-cdn.net/logos/sm_13797-logo_small-1608890748.PNG | Website: nan",https://www.the-aiff.com/club/13797
Academy,Alchemy International FA,Football,Goa,Goa,Tier1,6.0,5.0,8.0,Onboarding,120.0,Daily,16.0,Mixed,AIFF Accredited Academy,Partially_Funded,8.0,"academy,football,accredited,aiff,alchemy-international-fa","Age Groups: U-12, U-13, U-14, U-15, U-16, U-17, U-18 | Competitions: , AIFF Elite League, , AIFF Junior League, , AIFF Sub Junior League | Medical: Medical Provisions:Status, Physiotherapist:No, Full sized Football Pitches:No, Small sized Football Pitches:No | Logo: https://aiff.b-cdn.net/logos/sm_11395-logo_small-1765175480.png | Website: http://www.alchemyfootball.com",https://www.the-aiff.com/club/11395
Academy,Jamshedpur FC,Football,Jamshedpur,Jharkhand,Tier1,6.0,5.0,8.0,Onboarding,120.0,Daily,16.0,Mixed,AIFF Accredited Academy,Partially_Funded,8.0,"academy,football,accredited,aiff,jamshedpur-fc","Age Groups: U-12, U-14, U-16, U-18 | Competitions: , Indian Super League, , Second Division League, , AIFF Elite League, , AIFF Junior League, , AIFF Sub Junior League, , Hero Super Cup, , Durand Cup | Medical: Medical Provisions:Status, Physiotherapist:No, Full sized Football Pitches:No, Small sized Football Pitches:No | Logo: https://aiff.b-cdn.net/uploads/sm_jfclogo_1583230074.jpg | Website: https://www.fcjamshedpur.com",https://www.the-aiff.com/club/11962
Academy,FC Madras,Football,Chennai,Tamil Nadu,Tier1,6.0,5.0,8.0,Onboarding,120.0,Daily,16.0,Mixed,AIFF Accredited Academy,Partially_Funded,8.0,"academy,football,accredited,aiff,fc-madras","Age Groups: nan | Competitions: , AIFF Elite League, , AIFF Junior League, , AIFF Sub Junior League | Medical: Medical Provisions:Status, Physiotherapist:No, Full sized Football Pitches:No, Small sized Football Pitches:No | Logo: https://aiff.b-cdn.net/logos/sm_11396-logo_small-1732536353.png | Website: https://fcmadras.com/",https://www.the-aiff.com/club/11396
Academy,PFC Kerala,Football,Kochi,Kerala,Tier1,6.0,5.0,8.0,Onboarding,120.0,Daily,16.0,Mixed,AIFF Accredited Academy,Partially_Funded,8.0,"academy,football,accredited,aiff,pfc-kerala","Age Groups: U-12, U-13, U-14, U-15, U-16, U-17, U-18 | Competitions: , AIFF Elite League, , AIFF Junior League, , AIFF Sub Junior League | Medical: Medical Provisions:Status, Physiotherapist:No, Full sized Football Pitches:No, Small sized Football Pitches:No | Logo: https://aiff.b-cdn.net/uploads/sm_PFCKeralaPngLogo_1747911403.png | Website: http://www.fcparappur.com",https://www.the-aiff.com/club/11785
Academy,Maharashtra Oranje FC,Football,Mumbai,Maharashtra,Tier1,6.0,5.0,8.0,Onboarding,120.0,Daily,16.0,Mixed,AIFF Accredited Academy,Partially_Funded,8.0,"academy,football,accredited,aiff,maharashtra-oranje-fc","Age Groups: U-12, U-13, U-14, U-15, U-16, U-17, U-18 | Competitions: nan | Medical: Medical Provisions:Status, Physiotherapist:No, Full sized Football Pitches:No, Small sized Football Pitches:No | Logo: https://aiff.b-cdn.net/uploads/sm_MaharashtraOranjeFootballClub_1694505500.jpg | Website: http://www.theoranjeacademy.com",https://www.the-aiff.com/club/12683
Academy,Sreenidi Deccan Football Club,Football,Goa,Goa,Tier1,6.0,5.0,8.0,Onboarding,120.0,Daily,16.0,Mixed,AIFF Accredited Academy,Partially_Funded,8.0,"academy,football,accredited,aiff,sreenidi-deccan-football-club","Age Groups: nan | Competitions: , AIFF Junior League, , AIFF Sub Junior League | Medical: Medical Provisions:Status, Physiotherapist:No, Full sized Football Pitches:No, Small sized Football Pitches:No | Logo: https://aiff.b-cdn.net/uploads/sm_SreenidhiDeccanFootballClubLogo_1637303730.png | Website: nan",https://www.the-aiff.com/club/12959
Academy,Community Football Club India,Football,Goa,Goa,Tier1,6.0,5.0,8.0,Onboarding,120.0,Daily,16.0,Mixed,AIFF Accredited Academy,Partially_Funded,8.0,"academy,football,accredited,aiff,community-football-club-india","Age Groups: nan | Competitions: , AIFF Junior League, , AIFF Sub Junior League | Medical: Medical Provisions:Status, Physiotherapist:No, Full sized Football Pitches:No, Small sized Football Pitches:No | Logo: https://aiff.b-cdn.net/logos/12356-Slogo-1576385887.png | Website: nan",https://www.the-aiff.com/club/12356
Academy,South United FC,Football,Bengaluru,Karnataka,Tier1,6.0,5.0,8.0,Onboarding,120.0,Daily,16.0,Mixed,AIFF Accredited Academy,Partially_Funded,8.0,"academy,football,accredited,aiff,south-united-fc","Age Groups: nan | Competitions: , Second Division League | Medical: Medical Provisions:Status, Physiotherapist:No, Full sized Football Pitches:No, Small sized Football Pitches:No | Logo: https://aiff.b-cdn.net/logos/sm_11949-logo_small-1658233791.jpg | Website: http://www.sufcindia.com",https://www.the-aiff.com/club/11949
Academy,Football Club Mangalore,Football,Mangalore,Karnataka,Tier1,6.0,5.0,8.0,Onboarding,120.0,Daily,16.0,Mixed,AIFF Accredited Academy,Partially_Funded,8.0,"academy,football,accredited,aiff,football-club-mangalore","Age Groups: nan | Competitions: , AIFF Elite League, , AIFF Sub Junior League | Medical: Medical Provisions:Status, Physiotherapist:No, Full sized Football Pitches:No, Small sized Football Pitches:No | Logo: https://aiff.b-cdn.net/logos/sm_12360-logo_small-1767855249.png | Website: nan",https://www.the-aiff.com/club/12360
Academy,Roots Football Club,Football,Bengaluru,Karnataka,Tier1,6.0,5.0,8.0,Onboarding,120.0,Daily,16.0,Mixed,AIFF Accredited Academy,Partially_Funded,8.0,"academy,football,accredited,aiff,roots-football-club","Age Groups: U-12, U-13, U-14, U-15, U-16, U-17, U-18 | Competitions: , AIFF Junior League, , AIFF Sub Junior League | Medical: Medical Provisions:Status, Physiotherapist:No, Full sized Football Pitches:No, Small sized Football Pitches:No | Logo: https://aiff.b-cdn.net/uploads/sm_rootsfootballpng200x200_1659611505.png | Website: http://www.rootsfootball.in",https://www.the-aiff.com/club/11410
Academy,Corbett FC,Football,Goa,Goa,Tier1,6.0,5.0,8.0,Onboarding,120.0,Daily,16.0,Mixed,AIFF Accredited Academy,Partially_Funded,8.0,"academy,football,accredited,aiff,corbett-fc","Age Groups: nan | Competitions: nan | Medical: Medical Provisions:Status, Physiotherapist:No, Full sized Football Pitches:No, Small sized Football Pitches:No | Logo: https://aiff.b-cdn.net/logos/sm_13750-logo_small-1629904943.png | Website: http://www.addsoccerschool.com",https://www.the-aiff.com/club/13750
Academy,Bhaichung Bhutia Football Schools- Delhi,Football,Delhi,Delhi,Tier1,6.0,5.0,8.0,Onboarding,120.0,Daily,16.0,Mixed,AIFF Accredited Academy,Partially_Funded,8.0,"academy,football,accredited,aiff,bhaichung-bhutia-football-schools--delhi","Age Groups: nan | Competitions: , AIFF Elite League, , AIFF Junior League, , AIFF Sub Junior League | Medical: Medical Provisions:Status, Physiotherapist:No, Full sized Football Pitches:No, Small sized Football Pitches:No | Logo: https://aiff.b-cdn.net/uploads/sm_BBFSLogo_1577530334.png | Website: https://www.bbfootballschools.com/",https://www.the-aiff.com/club/11397
Academy,Altius International Football Academy - AIFA,Football,Goa,Goa,Tier1,6.0,5.0,8.0,Onboarding,120.0,Daily,16.0,Mixed,AIFF Accredited Academy,Partially_Funded,8.0,"academy,football,accredited,aiff,altius-international-football-academy---aifa","Age Groups: U-12, U-13, U-14, U-15, U-16, U-17, U-18 | Competitions: nan | Medical: Medical Provisions:Status, Physiotherapist:No, Full sized Football Pitches:No, Small sized Football Pitches:No | Logo: https://aiff.b-cdn.net/uploads/sm_AIFARGBPNG1_1683533007.png | Website: https://aifainstitute.com/",https://www.the-aiff.com/club/12025
Academy,Zinc Football Academy,Football,Goa,Goa,Tier1,6.0,5.0,8.0,Onboarding,120.0,Daily,16.0,Mixed,AIFF Accredited Academy,Partially_Funded,8.0,"academy,football,accredited,aiff,zinc-football-academy","Age Groups: U-12, U-13, U-14, U-15, U-16, U-18 | Competitions: nan | Medical: Medical Provisions:Status, Physiotherapist:No, Full sized Football Pitches:No, Small sized Football Pitches:No | Logo: https://aiff.b-cdn.net/uploads/sm_ZFALogo_1659445434.png | Website: http://zincfootball.com/about/?src=main-menu#about-the-initiative",https://www.the-aiff.com/club/13495
Academy,Techtro Lucknow FC,Football,Lucknow,Uttar Pradesh,Tier1,6.0,5.0,8.0,Onboarding,120.0,Daily,16.0,Mixed,AIFF Accredited Academy,Partially_Funded,8.0,"academy,football,accredited,aiff,techtro-lucknow-fc","Age Groups: U-12, U-13, U-14, U-15, U-16, U-17, U-18 | Competitions: nan | Medical: Medical Provisions:Status, Physiotherapist:No, Full sized Football Pitches:No, Small sized Football Pitches:No | Logo: https://aiff.b-cdn.net/logos/sm_14576-logo_small-1625042708.png | Website: nan",https://www.the-aiff.com/club/14576
Academy,ARA FC,Football,Ahmedabad,Gujarat,Tier1,6.0,5.0,8.0,Onboarding,120.0,Daily,16.0,Mixed,AIFF Accredited Academy,Partially_Funded,8.0,"academy,football,accredited,aiff,ara-fc","Age Groups: nan | Competitions: , Second Division League, , AIFF Elite League, , AIFF Junior League, , AIFF Sub Junior League | Medical: Medical Provisions:Status, Physiotherapist:No, Full sized Football Pitches:No, Small sized Football Pitches:No | Logo: https://aiff.b-cdn.net/logos/11783-logo-1494995964.png | Website: http://www.racquetacademy.in/",https://www.the-aiff.com/club/11783
Academy,MUM -Somaiya Sports Academy,Football,Mumbai,Maharashtra,Tier1,6.0,5.0,8.0,Onboarding,120.0,Daily,16.0,Mixed,AIFF Accredited Academy,Partially_Funded,8.0,"academy,football,accredited,aiff,mum--somaiya-sports-academy","Age Groups: U-12, U-13, U-14, U-15, U-16, U-17, U-18 | Competitions: , AIFF Junior League, , AIFF Sub Junior League | Medical: Medical Provisions:Status, Physiotherapist:No, Full sized Football Pitches:No, Small sized Football Pitches:No | Logo: https://aiff.b-cdn.net/uploads/sm_SomaiyaSportsAcademy_1679728894.jpg | Website: https://sportsacademy.somaiya.edu/",https://www.the-aiff.com/club/12985
Academy,Don Bosco Vaduthala,Football,Kochi,Kerala,Tier1,6.0,5.0,8.0,Onboarding,120.0,Daily,16.0,Mixed,AIFF Accredited Academy,Partially_Funded,8.0,"academy,football,accredited,aiff,don-bosco-vaduthala","Age Groups: nan | Competitions: , AIFF Elite League, , AIFF Junior League, , AIFF Sub Junior League | Medical: Medical Provisions:Status, Physiotherapist:No, Full sized Football Pitches:No, Small sized Football Pitches:No | Logo: https://aiff.b-cdn.net/logos/sm_11787-logo_small-1718284323.png | Website: http://donboscofa.com",https://www.the-aiff.com/club/11787
Academy,First Kick School of Soccer Academy,Football,Goa,Goa,Tier1,6.0,5.0,8.0,Onboarding,120.0,Daily,16.0,Mixed,AIFF Accredited Academy,Partially_Funded,8.0,"academy,football,accredited,aiff,first-kick-school-of-soccer-academy","Age Groups: U-12, U-13, U-14, U-15, U-16, U-17, U-18 | Competitions: , AIFF Sub Junior League | Medical: Medical Provisions:Status, Physiotherapist:No, Full sized Football Pitches:No, Small sized Football Pitches:No | Logo: https://aiff.b-cdn.net/logos/12407-logo-1536471926.jpg | Website: nan",https://www.the-aiff.com/club/12407
Academy,Rajasthan United Football Club,Football,Jaipur,Rajasthan,Tier1,6.0,5.0,8.0,Onboarding,120.0,Daily,16.0,Mixed,AIFF Accredited Academy,Partially_Funded,8.0,"academy,football,accredited,aiff,rajasthan-united-football-club","Age Groups: U-12, U-13, U-14, U-15, U-16, U-17, U-18 | Competitions: nan | Medical: Medical Provisions:Status, Physiotherapist:No, Full sized Football Pitches:No, Small sized Football Pitches:No | Logo: https://aiff.b-cdn.net/logos/sm_13472-logo_small-1617780510.png | Website: http://www.rajasthanunitedfc.in",https://www.the-aiff.com/club/13472
Academy,Adrenaline New Era,Football,Goa,Goa,Tier1,6.0,5.0,8.0,Onboarding,120.0,Daily,16.0,Mixed,AIFF Accredited Academy,Partially_Funded,8.0,"academy,football,accredited,aiff,adrenaline-new-era","Age Groups: nan | Competitions: nan | Medical: Medical Provisions:Status, Physiotherapist:No, Full sized Football Pitches:No, Small sized Football Pitches:No | Logo: https://aiff.b-cdn.net/uploads/sm_ASLogoFinal_1780767014.png | Website: nan",https://www.the-aiff.com/club/16743
Academy,"SSE BFC Soccer Schools, Mumbai",Football,Mumbai,Maharashtra,Tier1,6.0,5.0,8.0,Onboarding,120.0,Daily,16.0,Mixed,AIFF Accredited Academy,Partially_Funded,8.0,"academy,football,accredited,aiff,sse-bfc-soccer-schools,-mumbai","Age Groups: nan | Competitions: nan | Medical: Medical Provisions:Status, Physiotherapist:No, Full sized Football Pitches:No, Small sized Football Pitches:No | Logo: https://aiff.b-cdn.net/uploads/sm_SSEBFClogo_1687852552.jpg | Website: nan",https://www.the-aiff.com/club/15846
Academy,Sports Mania,Football,Goa,Goa,Tier1,6.0,5.0,8.0,Onboarding,120.0,Daily,16.0,Mixed,AIFF Accredited Academy,Partially_Funded,8.0,"academy,football,accredited,aiff,sports-mania","Age Groups: nan | Competitions: nan | Medical: Medical Provisions:Status, Physiotherapist:No, Full sized Football Pitches:No, Small sized Football Pitches:No | Logo: https://aiff.b-cdn.net/uploads/sm_PHOTO20241026161637_1734967428.jpg | Website: nan",https://www.the-aiff.com/club/18364
Academy,Mumbai City FC,Football,Mumbai,Maharashtra,Tier1,6.0,5.0,8.0,Onboarding,120.0,Daily,16.0,Mixed,AIFF Accredited Academy,Partially_Funded,8.0,"academy,football,accredited,aiff,mumbai-city-fc","Age Groups: nan | Competitions: , Indian Super League, , Second Division League, , AIFF Elite League, , AIFF Junior League, , AIFF Sub Junior League, , Hero Super Cup | Medical: Medical Provisions:Status, Physiotherapist:No, Full sized Football Pitches:No, Small sized Football Pitches:No | Logo: https://aiff.b-cdn.net/uploads/sm_MCFC01_1691062308.png | Website: http://www.mumbaicityfc.com",https://www.the-aiff.com/club/8987
Academy,Kenkre FC,Football,Mumbai,Maharashtra,Tier1,6.0,5.0,8.0,Onboarding,120.0,Daily,16.0,Mixed,AIFF Accredited Academy,Partially_Funded,8.0,"academy,football,accredited,aiff,kenkre-fc","Age Groups: nan | Competitions: , AIFF Elite League, , AIFF Junior League, , AIFF Sub Junior League, , Indian Women's League | Medical: Medical Provisions:Status, Physiotherapist:No, Full sized Football Pitches:No, Small sized Football Pitches:No | Logo: https://aiff.b-cdn.net/logos/9425-logo-1523701555.jpg | Website: http://www.kenkresports.com",https://www.the-aiff.com/club/9425
Academy,FOOTBALL 4 CHANGE ACADEMY,Football,Goa,Goa,Tier1,6.0,5.0,8.0,Onboarding,120.0,Daily,16.0,Mixed,AIFF Accredited Academy,Partially_Funded,8.0,"academy,football,accredited,aiff,football-4-change-academy","Age Groups: nan | Competitions: nan | Medical: Medical Provisions:Status, Physiotherapist:No, Full sized Football Pitches:No, Small sized Football Pitches:No | Logo: https://aiff.b-cdn.net/logos/sm_12771-logo_small-1628786764.png | Website: http://www.f4cacademy.com",https://www.the-aiff.com/club/12771
Academy,MUM - Dsouza Football Academy,Football,Mumbai,Maharashtra,Tier1,6.0,5.0,8.0,Onboarding,120.0,Daily,16.0,Mixed,AIFF Accredited Academy,Partially_Funded,8.0,"academy,football,accredited,aiff,mum---dsouza-football-academy","Age Groups: nan | Competitions: nan | Medical: Medical Provisions:Status, Physiotherapist:No, Full sized Football Pitches:No, Small sized Football Pitches:No | Logo: https://aiff.b-cdn.net/uploads/sm_DFALogoNew012Copy_1750333655.png | Website: https://dsouzafa.com/",https://www.the-aiff.com/club/13390
Academy,SESA Football Academy,Football,Panaji,Goa,Tier1,6.0,5.0,8.0,Onboarding,120.0,Daily,16.0,Mixed,AIFF Accredited Academy,Partially_Funded,8.0,"academy,football,accredited,aiff,sesa-football-academy","Age Groups: U-12, U-14, U-16, U-18 | Competitions: , AIFF Elite League, , AIFF Junior League, , AIFF Sub Junior League | Medical: Medical Provisions:Status, Physiotherapist:No, Full sized Football Pitches:No, Small sized Football Pitches:No | Logo: https://aiff.b-cdn.net/uploads/sm_SFANewLogo_1658138240.png | Website: https://sesafootballacademy.in/",https://www.the-aiff.com/club/8152
Academy,Mumbai Soccer Prodigies,Football,Mumbai,Maharashtra,Tier1,6.0,5.0,8.0,Onboarding,120.0,Daily,16.0,Mixed,AIFF Accredited Academy,Partially_Funded,8.0,"academy,football,accredited,aiff,mumbai-soccer-prodigies","Age Groups: U-12, U-13, U-14, U-15, U-16, U-17, U-18 | Competitions: nan | Medical: Medical Provisions:Status, Physiotherapist:No, Full sized Football Pitches:No, Small sized Football Pitches:No | Logo: https://aiff.b-cdn.net/uploads/sm_MSPFINALLOGO_1782219330.png | Website: http://soccerprodigies.com",https://www.the-aiff.com/club/13605
Academy,Conscient Football,Football,Goa,Goa,Tier1,6.0,5.0,8.0,Onboarding,120.0,Daily,16.0,Mixed,AIFF Accredited Academy,Partially_Funded,8.0,"academy,football,accredited,aiff,conscient-football","Age Groups: nan | Competitions: , AIFF Elite League, , AIFF Junior League, , AIFF Sub Junior League | Medical: Medical Provisions:Status, Physiotherapist:No, Full sized Football Pitches:No, Small sized Football Pitches:No | Logo: https://aiff.b-cdn.net/uploads/sm_50PERCENTGRAY_1748928217.png | Website: nan",https://www.the-aiff.com/club/11399
Academy,PUNE-UKM Kothrud FC,Football,Pune,Maharashtra,Tier1,6.0,5.0,8.0,Onboarding,120.0,Daily,16.0,Mixed,AIFF Accredited Academy,Partially_Funded,8.0,"academy,football,accredited,aiff,pune-ukm-kothrud-fc","Age Groups: nan | Competitions: nan | Medical: Medical Provisions:Status, Physiotherapist:No, Full sized Football Pitches:No, Small sized Football Pitches:No | Logo: https://aiff.b-cdn.net/uploads/sm_2420095074290820877632649863656194077511089n_1670578129.jpg | Website: nan",https://www.the-aiff.com/club/12989
Academy,Muthoot Football Academy,Football,Kochi,Kerala,Tier1,6.0,5.0,8.0,Onboarding,120.0,Daily,16.0,Mixed,AIFF Accredited Academy,Partially_Funded,8.0,"academy,football,accredited,aiff,muthoot-football-academy","Age Groups: U-12, U-13, U-14, U-15, U-16, U-17, U-18 | Competitions: , AIFF Junior League, , AIFF Sub Junior League | Medical: Medical Provisions:Status, Physiotherapist:No, Full sized Football Pitches:No, Small sized Football Pitches:No | Logo: https://aiff.b-cdn.net/uploads/sm_logoPNG_1581667120.png | Website: http://www.muthootfootball.com",https://www.the-aiff.com/club/11956
Academy,Snigmay Pune Football Club,Football,Pune,Maharashtra,Tier1,6.0,5.0,8.0,Onboarding,120.0,Daily,16.0,Mixed,AIFF Accredited Academy,Partially_Funded,8.0,"academy,football,accredited,aiff,snigmay-pune-football-club","Age Groups: nan | Competitions: nan | Medical: Medical Provisions:Status, Physiotherapist:No, Full sized Football Pitches:No, Small sized Football Pitches:No | Logo: https://aiff.b-cdn.net/uploads/sm_SPFCM_1678962455.png | Website: http://www.snigmaypunefc.com",https://www.the-aiff.com/club/12614
Academy,BIDHANNAGAR MUNICIPAL SPORTS ACADEMY,Football,Kolkata,West Bengal,Tier1,6.0,5.0,8.0,Onboarding,120.0,Daily,16.0,Mixed,AIFF Accredited Academy,Partially_Funded,8.0,"academy,football,accredited,aiff,bidhannagar-municipal-sports-academy","Age Groups: nan | Competitions: , AIFF Elite League, , AIFF Junior League, , AIFF Sub Junior League | Medical: Medical Provisions:Status, Physiotherapist:No, Full sized Football Pitches:No, Small sized Football Pitches:No | Logo: https://aiff.b-cdn.net/logos/11644-Slogo-1576385866.png | Website: http://www.bmcwbgov.in",https://www.the-aiff.com/club/11644
Academy,SKM SPORTS FOUNDATION (KALNA),Football,Kolkata,West Bengal,Tier1,6.0,5.0,8.0,Onboarding,120.0,Daily,16.0,Mixed,AIFF Accredited Academy,Partially_Funded,8.0,"academy,football,accredited,aiff,skm-sports-foundation-(kalna)","Age Groups: U-12, U-14, U-16, U-18 | Competitions: nan | Medical: Medical Provisions:Status, Physiotherapist:No, Full sized Football Pitches:No, Small sized Football Pitches:No | Logo: https://aiff.b-cdn.net/uploads/sm_SKMSFlogo_1720508654.jpeg | Website: http://www.skmsportsfoundation.com",https://www.the-aiff.com/club/19112
Academy,Bravo Football,Football,Delhi,Delhi,Tier1,6.0,5.0,8.0,Onboarding,120.0,Daily,16.0,Mixed,AIFF Accredited Academy,Partially_Funded,8.0,"academy,football,accredited,aiff,bravo-football","Age Groups: nan | Competitions: nan | Medical: Medical Provisions:Status, Physiotherapist:No, Full sized Football Pitches:No, Small sized Football Pitches:No | Logo: https://aiff.b-cdn.net/uploads/sm_BravoFootballLogo_1707119780.png | Website: http://www.bravofootball.in",https://www.the-aiff.com/club/18494
Academy,Adamas United Sports Academy,Football,Goa,Goa,Tier1,6.0,5.0,8.0,Onboarding,120.0,Daily,16.0,Mixed,AIFF Accredited Academy,Partially_Funded,8.0,"academy,football,accredited,aiff,adamas-united-sports-academy","Age Groups: nan | Competitions: nan | Medical: Medical Provisions:Status, Physiotherapist:No, Full sized Football Pitches:No, Small sized Football Pitches:No | Logo: https://aiff.b-cdn.net/uploads/sm_IMG20240402211655_1712072860.jpg | Website: nan",https://www.the-aiff.com/club/13065
Academy,CLASSIC FOOTBALL ACADEMY,Football,Goa,Goa,Tier1,6.0,5.0,8.0,Onboarding,120.0,Daily,16.0,Mixed,AIFF Accredited Academy,Partially_Funded,8.0,"academy,football,accredited,aiff,classic-football-academy","Age Groups: U-12, U-14, U-16, U-18 | Competitions: nan | Medical: Medical Provisions:Status, Physiotherapist:No, Full sized Football Pitches:No, Small sized Football Pitches:No | Logo: https://aiff.b-cdn.net/uploads/sm_CFALOGO_1635601830.png | Website: nan",https://www.the-aiff.com/club/13667
Academy,Conscient Football Mumbai,Football,Mumbai,Maharashtra,Tier1,6.0,5.0,8.0,Onboarding,120.0,Daily,16.0,Mixed,AIFF Accredited Academy,Partially_Funded,8.0,"academy,football,accredited,aiff,conscient-football-mumbai","Age Groups: nan | Competitions: nan | Medical: Medical Provisions:Status, Physiotherapist:No, Full sized Football Pitches:No, Small sized Football Pitches:No | Logo: https://aiff.b-cdn.net/uploads/sm_WhatsAppImage20240722at121331AM1_1721823594.jpeg | Website: nan",https://www.the-aiff.com/club/13768
Academy,Sudeva Delhi FC,Football,Delhi,Delhi,Tier1,6.0,5.0,8.0,Onboarding,120.0,Daily,16.0,Mixed,AIFF Accredited Academy,Partially_Funded,8.0,"academy,football,accredited,aiff,sudeva-delhi-fc","Age Groups: U-12, U-13, U-14, U-15, U-16, U-17, U-18 | Competitions: , AIFF Elite League, , AIFF Junior League, , AIFF Sub Junior League | Medical: Medical Provisions:Status, Physiotherapist:No, Full sized Football Pitches:No, Small sized Football Pitches:No | Logo: https://aiff.b-cdn.net/logos/sm_11400-logo_small-1635259548.png | Website: http://www.sudeva.in",https://www.the-aiff.com/club/11400
Academy,Hungry Hearts Soccer School,Football,Goa,Goa,Tier1,6.0,5.0,8.0,Onboarding,120.0,Daily,16.0,Mixed,AIFF Accredited Academy,Partially_Funded,8.0,"academy,football,accredited,aiff,hungry-hearts-soccer-school","Age Groups: nan | Competitions: nan | Medical: Medical Provisions:Status, Physiotherapist:No, Full sized Football Pitches:No, Small sized Football Pitches:No | Logo: https://aiff.b-cdn.net/logos/sm_15926-logo_small-1654681108.png | Website: http://Hungryheartssoccerschool.com",https://www.the-aiff.com/club/15926
Academy,BENGAL FOOTBALL ACADEMY,Football,Goa,Goa,Tier1,6.0,5.0,8.0,Onboarding,120.0,Daily,16.0,Mixed,AIFF Accredited Academy,Partially_Funded,8.0,"academy,football,accredited,aiff,bengal-football-academy","Age Groups: U-12, U-14, U-16, U-18 | Competitions: , AIFF Elite League, , AIFF Junior League | Medical: Medical Provisions:Status, Physiotherapist:No, Full sized Football Pitches:No, Small sized Football Pitches:No | Logo: https://aiff.b-cdn.net/uploads/sm_Youthleaguelogo_1580184253.jpg | Website: http://www.wbyouthandsports.gov.in",https://www.the-aiff.com/club/11777
Academy,"FC Marina Academy, Chennai",Football,Chennai,Tamil Nadu,Tier1,6.0,5.0,8.0,Onboarding,120.0,Daily,16.0,Mixed,AIFF Accredited Academy,Partially_Funded,8.0,"academy,football,accredited,aiff,fc-marina-academy,-chennai","Age Groups: U-12, U-13, U-14, U-16, U-18 | Competitions: nan | Medical: Medical Provisions:Status, Physiotherapist:No, Full sized Football Pitches:No, Small sized Football Pitches:No | Logo: https://aiff.b-cdn.net/uploads/sm_Untitleddesign1_1680783114.png | Website: https://www.fcmarinaacademy.com/",https://www.the-aiff.com/club/17134
Academy,Murugappa Youth Football Academy,Football,Goa,Goa,Tier1,6.0,5.0,8.0,Onboarding,120.0,Daily,16.0,Mixed,AIFF Accredited Academy,Partially_Funded,8.0,"academy,football,accredited,aiff,murugappa-youth-football-academy","Age Groups: nan | Competitions: nan | Medical: Medical Provisions:Status, Physiotherapist:No, Full sized Football Pitches:No, Small sized Football Pitches:No | Logo: https://aiff.b-cdn.net/logos/sm_19040-logo_small-1750832501.png | Website: http://www.ammfoundation.org",https://www.the-aiff.com/club/19040
Academy,Thane City FC,Football,Goa,Goa,Tier1,6.0,5.0,8.0,Onboarding,120.0,Daily,16.0,Mixed,AIFF Accredited Academy,Partially_Funded,8.0,"academy,football,accredited,aiff,thane-city-fc","Age Groups: U-12, U-13, U-15, U-16, U-18 | Competitions: nan | Medical: Medical Provisions:Status, Physiotherapist:No, Full sized Football Pitches:No, Small sized Football Pitches:No | Logo: https://aiff.b-cdn.net/uploads/sm_TCFCLowRes_1679339590.jpg | Website: http://www.thanecityfc.com",https://www.the-aiff.com/club/13705
Academy,SPORTING CLUB KERALA,Football,Kochi,Kerala,Tier1,6.0,5.0,8.0,Onboarding,120.0,Daily,16.0,Mixed,AIFF Accredited Academy,Partially_Funded,8.0,"academy,football,accredited,aiff,sporting-club-kerala","Age Groups: U-12, U-13, U-14, U-15, U-16, U-17, U-18 | Competitions: nan | Medical: Medical Provisions:Status, Physiotherapist:No, Full sized Football Pitches:No, Small sized Football Pitches:No | Logo: https://aiff.b-cdn.net/uploads/sm_logo06_1763113217.png | Website: http://www.cirosports.in",https://www.the-aiff.com/club/17886
Academy,PEHLUM LAMHIL LAWM,Football,Goa,Goa,Tier1,6.0,5.0,8.0,Onboarding,120.0,Daily,16.0,Mixed,AIFF Accredited Academy,Partially_Funded,8.0,"academy,football,accredited,aiff,pehlum-lamhil-lawm","Age Groups: nan | Competitions: nan | Medical: Medical Provisions:Status, Physiotherapist:No, Full sized Football Pitches:No, Small sized Football Pitches:No | Logo: https://aiff.b-cdn.net/logos/13510-Slogo-1576385903.jpg | Website: http://the-pll.com",https://www.the-aiff.com/club/13510
Academy,Dempo Sports Club,Football,Goa,Goa,Tier1,6.0,5.0,8.0,Onboarding,120.0,Daily,16.0,Mixed,AIFF Accredited Academy,Partially_Funded,8.0,"academy,football,accredited,aiff,dempo-sports-club","Age Groups: nan | Competitions: , AIFF Elite League, , AIFF Junior League, , AIFF Sub Junior League | Medical: Medical Provisions:Status, Physiotherapist:No, Full sized Football Pitches:No, Small sized Football Pitches:No | Logo: https://aiff.b-cdn.net/uploads/sm_WhatsAppImage20200107at134209_1578384848.jpeg | Website: http://www.demposportsclub.com/",https://www.the-aiff.com/club/8008
Academy,FC Goa,Football,Panaji,Goa,Tier1,6.0,5.0,8.0,Onboarding,120.0,Daily,16.0,Mixed,AIFF Accredited Academy,Partially_Funded,8.0,"academy,football,accredited,aiff,fc-goa","Age Groups: nan | Competitions: , Indian Super League, , Second Division League, , AIFF Elite League, , AIFF Junior League, , AIFF Sub Junior League, , Hero Super Cup, , Durand Cup | Medical: Medical Provisions:Status, Physiotherapist:No, Full sized Football Pitches:No, Small sized Football Pitches:No | Logo: https://aiff.b-cdn.net/logos/11041-logo-1516860996.png | Website: https://fcgoa.in/",https://www.the-aiff.com/club/11041
Academy,Thadam FC,Football,Goa,Goa,Tier1,6.0,5.0,8.0,Onboarding,120.0,Daily,16.0,Mixed,AIFF Accredited Academy,Partially_Funded,8.0,"academy,football,accredited,aiff,thadam-fc","Age Groups: nan | Competitions: nan | Medical: Medical Provisions:Status, Physiotherapist:No, Full sized Football Pitches:No, Small sized Football Pitches:No | Logo: https://aiff.b-cdn.net/uploads/sm_TFC_1737099591.jpg | Website: nan",https://www.the-aiff.com/club/19099
Academy,Numaligarh Refinery Limited Football Academy,Football,Goa,Goa,Tier1,6.0,5.0,8.0,Onboarding,120.0,Daily,16.0,Mixed,AIFF Accredited Academy,Partially_Funded,8.0,"academy,football,accredited,aiff,numaligarh-refinery-limited-football-academy","Age Groups: U-12, U-13, U-15, U-16, U-17, U-18 | Competitions: , AIFF Elite League, , AIFF Junior League, , AIFF Sub Junior League | Medical: Medical Provisions:Status, Physiotherapist:No, Full sized Football Pitches:No, Small sized Football Pitches:No | Logo: https://aiff.b-cdn.net/logos/sm_11414-logo_small-1723632587.jpg | Website: http://www.nrlfootballacademy.com",https://www.the-aiff.com/club/11414
Academy,"SETHU, MADURAI",Football,Goa,Goa,Tier1,6.0,5.0,8.0,Onboarding,120.0,Daily,16.0,Mixed,AIFF Accredited Academy,Partially_Funded,8.0,"academy,football,accredited,aiff,sethu,-madurai","Age Groups: nan | Competitions: , Indian Women's League | Medical: Medical Provisions:Status, Physiotherapist:No, Full sized Football Pitches:No, Small sized Football Pitches:No | Logo: https://aiff.b-cdn.net/uploads/sm_WhatsAppImage20250812at105652AM_1754986256.jpeg | Website: http://www.sethufc.com",https://www.the-aiff.com/club/11512
Academy,North East United FC,Football,Goa,Goa,Tier1,6.0,5.0,8.0,Onboarding,120.0,Daily,16.0,Mixed,AIFF Accredited Academy,Partially_Funded,8.0,"academy,football,accredited,aiff,north-east-united-fc","Age Groups: nan | Competitions: , Indian Super League, , AIFF Elite League, , AIFF Junior League, , AIFF Sub Junior League, , Hero Super Cup | Medical: Medical Provisions:Status, Physiotherapist:No, Full sized Football Pitches:No, Small sized Football Pitches:No | Logo: https://aiff.b-cdn.net/logos/sm_11042-logo_small-1576475847.png | Website: https://www.neutdfc.com/",https://www.the-aiff.com/club/11042
Academy,Raman Sports Academy,Football,Goa,Goa,Tier1,6.0,5.0,8.0,Onboarding,120.0,Daily,16.0,Mixed,AIFF Accredited Academy,Partially_Funded,8.0,"academy,football,accredited,aiff,raman-sports-academy","Age Groups: U-12, U-13, U-14, U-15, U-16, U-17, U-18 | Competitions: , AIFF Junior League, , AIFF Sub Junior League | Medical: Medical Provisions:Status, Physiotherapist:No, Full sized Football Pitches:No, Small sized Football Pitches:No | Logo: https://aiff.b-cdn.net/logos/sm_12361-logo_small-1754491550.jpg | Website: http://www.ramansportsacademy.com",https://www.the-aiff.com/club/12361
Academy,KFTC Football Academy Kozhikode,Football,Goa,Goa,Tier1,6.0,5.0,8.0,Onboarding,120.0,Daily,16.0,Mixed,AIFF Accredited Academy,Partially_Funded,8.0,"academy,football,accredited,aiff,kftc-football-academy-kozhikode","Age Groups: nan | Competitions: , AIFF Junior League, , AIFF Sub Junior League | Medical: Medical Provisions:Status, Physiotherapist:No, Full sized Football Pitches:No, Small sized Football Pitches:No | Logo: https://aiff.b-cdn.net/logos/sm_12404-logo_small-1661248720.png | Website: https://kftckozhikode.com/",https://www.the-aiff.com/club/12404
Academy,Mumbai - Football School of India,Football,Mumbai,Maharashtra,Tier1,6.0,5.0,8.0,Onboarding,120.0,Daily,16.0,Mixed,AIFF Accredited Academy,Partially_Funded,8.0,"academy,football,accredited,aiff,mumbai---football-school-of-india","Age Groups: nan | Competitions: , AIFF Elite League, , AIFF Junior League, , AIFF Sub Junior League | Medical: Medical Provisions:Status, Physiotherapist:No, Full sized Football Pitches:No, Small sized Football Pitches:No | Logo: https://aiff.b-cdn.net/logos/11463-Slogo-1576385742.png | Website: nan",https://www.the-aiff.com/club/11463
Academy,Kickstart FC Karnataka,Football,Goa,Goa,Tier1,6.0,5.0,8.0,Onboarding,120.0,Daily,16.0,Mixed,AIFF Accredited Academy,Partially_Funded,8.0,"academy,football,accredited,aiff,kickstart-fc-karnataka","Age Groups: nan | Competitions: , Indian Women's League | Medical: Medical Provisions:Status, Physiotherapist:No, Full sized Football Pitches:No, Small sized Football Pitches:No | Logo: https://aiff.b-cdn.net/logos/sm_12772-logo_small-1683175136.png | Website: http://www.kickstartfc.com",https://www.the-aiff.com/club/12772
Academy,BBFS Shillong,Football,Goa,Goa,Tier1,6.0,5.0,8.0,Onboarding,120.0,Daily,16.0,Mixed,AIFF Accredited Academy,Partially_Funded,8.0,"academy,football,accredited,aiff,bbfs-shillong","Age Groups: nan | Competitions: nan | Medical: Medical Provisions:Status, Physiotherapist:No, Full sized Football Pitches:No, Small sized Football Pitches:No | Logo: https://aiff.b-cdn.net/logos/sm_19106-logo_small-1732173293.png | Website: nan",https://www.the-aiff.com/club/19106
Academy,Snipers Football Club,Football,Goa,Goa,Tier1,6.0,5.0,8.0,Onboarding,120.0,Daily,16.0,Mixed,AIFF Accredited Academy,Partially_Funded,8.0,"academy,football,accredited,aiff,snipers-football-club","Age Groups: nan | Competitions: nan | Medical: Medical Provisions:Status, Physiotherapist:No, Full sized Football Pitches:No, Small sized Football Pitches:No | Logo: https://aiff.b-cdn.net/uploads/sm_SNIPERSLOG_1630644197.jpeg | Website: https://snipersfc.in/",https://www.the-aiff.com/club/14528
Academy,United Sports Club,Football,Goa,Goa,Tier1,6.0,5.0,8.0,Onboarding,120.0,Daily,16.0,Mixed,AIFF Accredited Academy,Partially_Funded,8.0,"academy,football,accredited,aiff,united-sports-club","Age Groups: nan | Competitions: , AIFF Elite League, , AIFF Junior League, , AIFF Sub Junior League | Medical: Medical Provisions:Status, Physiotherapist:No, Full sized Football Pitches:No, Small sized Football Pitches:No | Logo: https://aiff.b-cdn.net/logos/8076-logo-1481010216.png | Website: https://theunitedsportsclub.in/",https://www.the-aiff.com/club/8076
Academy,REGULAR FOOTBALL COACHING CENTER,Football,Goa,Goa,Tier1,6.0,5.0,8.0,Onboarding,120.0,Daily,16.0,Mixed,AIFF Accredited Academy,Partially_Funded,8.0,"academy,football,accredited,aiff,regular-football-coaching-center","Age Groups: nan | Competitions: nan | Medical: Medical Provisions:Status, Physiotherapist:No, Full sized Football Pitches:No, Small sized Football Pitches:No | Logo: https://aiff.b-cdn.net/uploads/sm_IMG20221002WA0011removebgpreview_1695996910.png | Website: nan",https://www.the-aiff.com/club/14496
Academy,East Bengal FC,Football,Goa,Goa,Tier1,6.0,5.0,8.0,Onboarding,120.0,Daily,16.0,Mixed,AIFF Accredited Academy,Partially_Funded,8.0,"academy,football,accredited,aiff,east-bengal-fc","Age Groups: nan | Competitions: , Indian Football League, , AIFF Elite League, , AIFF Junior League, , AIFF Sub Junior League, , Hero Super Cup, , Durand Cup | Medical: Medical Provisions:Status, Physiotherapist:No, Full sized Football Pitches:No, Small sized Football Pitches:No | Logo: https://aiff.b-cdn.net/uploads/sm_EastBengalFClogowebp1_1680264050.png | Website: https://emamieastbengal.com/",https://www.the-aiff.com/club/8017
Academy,"Artz N India  Football Club, Dindigul",Football,Goa,Goa,Tier1,6.0,5.0,8.0,Onboarding,120.0,Daily,16.0,Mixed,AIFF Accredited Academy,Partially_Funded,8.0,"academy,football,accredited,aiff,artz-n-india--football-club,-dindigul","Age Groups: nan | Competitions: nan | Medical: Medical Provisions:Status, Physiotherapist:No, Full sized Football Pitches:No, Small sized Football Pitches:No | Logo: https://aiff.b-cdn.net/uploads/sm_LOGO2022_1680880756.png | Website: http://www.artztrust.in",https://www.the-aiff.com/club/17136
Academy,Mohun Bagan Super Giant,Football,Goa,Goa,Tier1,6.0,5.0,8.0,Onboarding,120.0,Daily,16.0,Mixed,AIFF Accredited Academy,Partially_Funded,8.0,"academy,football,accredited,aiff,mohun-bagan-super-giant","Age Groups: nan | Competitions: nan | Medical: Medical Provisions:Status, Physiotherapist:No, Full sized Football Pitches:No, Small sized Football Pitches:No | Logo: https://aiff.b-cdn.net/logos/sm_14303-logo_small-1688391074.png | Website: nan",https://www.the-aiff.com/club/14303
Academy,Namdhari Sports Academy,Football,Goa,Goa,Tier1,6.0,5.0,8.0,Onboarding,120.0,Daily,16.0,Mixed,AIFF Accredited Academy,Partially_Funded,8.0,"academy,football,accredited,aiff,namdhari-sports-academy","Age Groups: nan | Competitions: nan | Medical: Medical Provisions:Status, Physiotherapist:No, Full sized Football Pitches:No, Small sized Football Pitches:No | Logo: https://aiff.b-cdn.net/logos/lr_12488-logo-1655547091.png | Website: http://www.namdharisports.in",https://www.the-aiff.com/club/12488
Academy,Aazura Football Academy,Football,Goa,Goa,Tier1,6.0,5.0,8.0,Onboarding,120.0,Daily,16.0,Mixed,AIFF Accredited Academy,Partially_Funded,8.0,"academy,football,accredited,aiff,aazura-football-academy","Age Groups: nan | Competitions: , AIFF Junior League, , AIFF Sub Junior League | Medical: Medical Provisions:Status, Physiotherapist:No, Full sized Football Pitches:No, Small sized Football Pitches:No | Logo: https://aiff.b-cdn.net/uploads/afalogo_1572080046.jpg | Website: http://www.aazurafootballacademy.com",https://www.the-aiff.com/club/12980
Academy,Vels Football Club,Football,Goa,Goa,Tier1,6.0,5.0,8.0,Onboarding,120.0,Daily,16.0,Mixed,AIFF Accredited Academy,Partially_Funded,8.0,"academy,football,accredited,aiff,vels-football-club","Age Groups: nan | Competitions: nan | Medical: Medical Provisions:Status, Physiotherapist:No, Full sized Football Pitches:No, Small sized Football Pitches:No | Logo: https://aiff.b-cdn.net/uploads/sm_Velslogo_1753695301.jpg | Website: nan",https://www.the-aiff.com/club/19041
Academy,Brothers Sports Association,Football,Goa,Goa,Tier1,6.0,5.0,8.0,Onboarding,120.0,Daily,16.0,Mixed,AIFF Accredited Academy,Partially_Funded,8.0,"academy,football,accredited,aiff,brothers-sports-association","Age Groups: nan | Competitions: nan | Medical: Medical Provisions:Status, Physiotherapist:No, Full sized Football Pitches:No, Small sized Football Pitches:No | Logo: https://aiff.b-cdn.net/logos/sm_15738-logo_small-1703596319.png | Website: nan",https://www.the-aiff.com/club/15738
Academy,RKM FOOTBALL ACADEMY,Football,Goa,Goa,Tier1,6.0,5.0,8.0,Onboarding,120.0,Daily,16.0,Mixed,AIFF Accredited Academy,Partially_Funded,8.0,"academy,football,accredited,aiff,rkm-football-academy","Age Groups: nan | Competitions: nan | Medical: Medical Provisions:Status, Physiotherapist:No, Full sized Football Pitches:No, Small sized Football Pitches:No | Logo: https://aiff.b-cdn.net/uploads/sm_RKMFA_1675477867.jpeg | Website: https://narainpur.rkmm.org/",https://www.the-aiff.com/club/11706
Academy,The Sports School,Football,Goa,Goa,Tier1,6.0,5.0,8.0,Onboarding,120.0,Daily,16.0,Mixed,AIFF Accredited Academy,Partially_Funded,8.0,"academy,football,accredited,aiff,the-sports-school","Age Groups: nan | Competitions: nan | Medical: Medical Provisions:Status, Physiotherapist:No, Full sized Football Pitches:No, Small sized Football Pitches:No | Logo: https://aiff.b-cdn.net/uploads/sm_TSSLOGO_1721190499.png | Website: https://thesportsschool.com/",https://www.the-aiff.com/club/14852
Academy,ASUFII FA,Football,Goa,Goa,Tier1,6.0,5.0,8.0,Onboarding,120.0,Daily,16.0,Mixed,AIFF Accredited Academy,Partially_Funded,8.0,"academy,football,accredited,aiff,asufii-fa","Age Groups: nan | Competitions: nan | Medical: Medical Provisions:Status, Physiotherapist:No, Full sized Football Pitches:No, Small sized Football Pitches:No | Logo: https://aiff.b-cdn.net/logos/sm_16748-logo_small-1698472781.JPG | Website: nan",https://www.the-aiff.com/club/16748
Academy,Inter Kashi,Football,Goa,Goa,Tier1,6.0,5.0,8.0,Onboarding,120.0,Daily,16.0,Mixed,AIFF Accredited Academy,Partially_Funded,8.0,"academy,football,accredited,aiff,inter-kashi","Age Groups: nan | Competitions: nan | Medical: Medical Provisions:Status, Physiotherapist:No, Full sized Football Pitches:No, Small sized Football Pitches:No | Logo: https://aiff.b-cdn.net/uploads/sm_PHOTO20231101180704_1698865826.jpg | Website: http://www.interkashi.com/",https://www.the-aiff.com/club/17675
Academy,FC Tamilions,Football,Goa,Goa,Tier1,6.0,5.0,8.0,Onboarding,120.0,Daily,16.0,Mixed,AIFF Accredited Academy,Partially_Funded,8.0,"academy,football,accredited,aiff,fc-tamilions","Age Groups: nan | Competitions: nan | Medical: Medical Provisions:Status, Physiotherapist:No, Full sized Football Pitches:No, Small sized Football Pitches:No | Logo: https://aiff.b-cdn.net/uploads/sm_FCTLogoBW_1681320278.jpg | Website: http://www.fctamilions.com",https://www.the-aiff.com/club/17138
Academy,Sportiqo Football Academy,Football,Goa,Goa,Tier1,6.0,5.0,8.0,Onboarding,120.0,Daily,16.0,Mixed,AIFF Accredited Academy,Partially_Funded,8.0,"academy,football,accredited,aiff,sportiqo-football-academy","Age Groups: nan | Competitions: nan | Medical: Medical Provisions:Status, Physiotherapist:No, Full sized Football Pitches:No, Small sized Football Pitches:No | Logo: https://aiff.b-cdn.net/uploads/sm_IMG0832_1758020808.jpeg | Website: nan",https://www.the-aiff.com/club/16139
Academy,Bangalore City FC,Football,Goa,Goa,Tier1,6.0,5.0,8.0,Onboarding,120.0,Daily,16.0,Mixed,AIFF Accredited Academy,Partially_Funded,8.0,"academy,football,accredited,aiff,bangalore-city-fc","Age Groups: U-12, U-14, U-16, U-18 | Competitions: nan | Medical: Medical Provisions:Status, Physiotherapist:No, Full sized Football Pitches:No, Small sized Football Pitches:No | Logo: https://aiff.b-cdn.net/uploads/sm_bcfclogo2_1597415004.jpg | Website: http://www.bangalorecityfc.com",https://www.the-aiff.com/club/13802
Academy,Belgaum United Football Academy,Football,Goa,Goa,Tier1,6.0,5.0,8.0,Onboarding,120.0,Daily,16.0,Mixed,AIFF Accredited Academy,Partially_Funded,8.0,"academy,football,accredited,aiff,belgaum-united-football-academy","Age Groups: nan | Competitions: nan | Medical: Medical Provisions:Status, Physiotherapist:No, Full sized Football Pitches:No, Small sized Football Pitches:No | Logo: https://aiff.b-cdn.net/uploads/sm_9ADC5BA16C9642158E8D5DF9650E77ED_1701449351.jpeg | Website: nan",https://www.the-aiff.com/club/14401
Academy,Gokulam Kerala FC,Football,Kochi,Kerala,Tier1,6.0,5.0,8.0,Onboarding,120.0,Daily,16.0,Mixed,AIFF Accredited Academy,Partially_Funded,8.0,"academy,football,accredited,aiff,gokulam-kerala-fc","Age Groups: nan | Competitions: , Indian Football League, , AIFF Elite League, , AIFF Junior League, , AIFF Sub Junior League, , Hero Super Cup, , Indian Women's League, , Durand Cup | Medical: Medical Provisions:Status, Physiotherapist:No, Full sized Football Pitches:No, Small sized Football Pitches:No | Logo: https://aiff.b-cdn.net/logos/sm_11821-logo_small-1704290734.png | Website: http://www.gokulamkeralafc.com",https://www.the-aiff.com/club/11821
Academy,Football Plus Professional Soccer Academy,Football,Goa,Goa,Tier1,6.0,5.0,8.0,Onboarding,120.0,Daily,16.0,Mixed,AIFF Accredited Academy,Partially_Funded,8.0,"academy,football,accredited,aiff,football-plus-professional-soccer-academy","Age Groups: nan | Competitions: , AIFF Elite League, , AIFF Junior League, , AIFF Sub Junior League | Medical: Medical Provisions:Status, Physiotherapist:No, Full sized Football Pitches:No, Small sized Football Pitches:No | Logo: https://aiff.b-cdn.net/uploads/sm_GriffinLogoV606_1667817925.png | Website: https://footballplus.in/",https://www.the-aiff.com/club/11833
Academy,Pune Pioneers F.C.,Football,Pune,Maharashtra,Tier1,6.0,5.0,8.0,Onboarding,120.0,Daily,16.0,Mixed,AIFF Accredited Academy,Partially_Funded,8.0,"academy,football,accredited,aiff,pune-pioneers-f.c.","Age Groups: U-12, U-14, U-15, U-16, U-17, U-18 | Competitions: nan | Medical: Medical Provisions:Status, Physiotherapist:No, Full sized Football Pitches:No, Small sized Football Pitches:No | Logo: https://aiff.b-cdn.net/uploads/sm_LogoPNGTransparent1_1672215528.png | Website: http://www.punepioneers.com",https://www.the-aiff.com/club/16679
Academy,The Soccer Academy,Football,Goa,Goa,Tier1,6.0,5.0,8.0,Onboarding,120.0,Daily,16.0,Mixed,AIFF Accredited Academy,Partially_Funded,8.0,"academy,football,accredited,aiff,the-soccer-academy","Age Groups: U-12, U-14, U-15, U-16, U-18 | Competitions: nan | Medical: Medical Provisions:Status, Physiotherapist:No, Full sized Football Pitches:No, Small sized Football Pitches:No | Logo: https://aiff.b-cdn.net/uploads/sm_TSAoldcolors_1751805705.jpg | Website: http://www.thesocceracdemy.in",https://www.the-aiff.com/club/12755
Academy,ELITE FA,Football,Goa,Goa,Tier1,6.0,5.0,8.0,Onboarding,120.0,Daily,16.0,Mixed,AIFF Accredited Academy,Partially_Funded,8.0,"academy,football,accredited,aiff,elite-fa","Age Groups: nan | Competitions: nan | Medical: Medical Provisions:Status, Physiotherapist:No, Full sized Football Pitches:No, Small sized Football Pitches:No | Logo: https://aiff.b-cdn.net/uploads/sm_EliteFALogo_1741622614.png | Website: nan",https://www.the-aiff.com/club/20132
Academy,FC Madurai,Football,Goa,Goa,Tier1,6.0,5.0,8.0,Onboarding,120.0,Daily,16.0,Mixed,AIFF Accredited Academy,Partially_Funded,8.0,"academy,football,accredited,aiff,fc-madurai","Age Groups: U-12, U-14, U-16, U-18 | Competitions: nan | Medical: Medical Provisions:Status, Physiotherapist:No, Full sized Football Pitches:No, Small sized Football Pitches:No | Logo: https://aiff.b-cdn.net/uploads/sm_LOGOFCMADURAI_1683788600.jpg | Website: http://www.acmefootball.com",https://www.the-aiff.com/club/17142
Academy,Sirukalathur Galatipet Football Club,Football,Goa,Goa,Tier1,6.0,5.0,8.0,Onboarding,120.0,Daily,16.0,Mixed,AIFF Accredited Academy,Partially_Funded,8.0,"academy,football,accredited,aiff,sirukalathur-galatipet-football-club","Age Groups: nan | Competitions: nan | Medical: Medical Provisions:Status, Physiotherapist:No, Full sized Football Pitches:No, Small sized Football Pitches:No | Logo: https://aiff.b-cdn.net/uploads/sm_SGFCAIFFLOGO_1732476701.jpg | Website: https://sirukalathurgalatipetfootballclub.com/",https://www.the-aiff.com/club/19098
Academy,Rising Pune F.C.,Football,Pune,Maharashtra,Tier1,6.0,5.0,8.0,Onboarding,120.0,Daily,16.0,Mixed,AIFF Accredited Academy,Partially_Funded,8.0,"academy,football,accredited,aiff,rising-pune-f.c.","Age Groups: nan | Competitions: nan | Medical: Medical Provisions:Status, Physiotherapist:No, Full sized Football Pitches:No, Small sized Football Pitches:No | Logo: https://aiff.b-cdn.net/logos/sm_13535-logo_small-1732603147.jpg | Website: http://www.risingpunefc.com",https://www.the-aiff.com/club/13535
Academy,Reeds FC,Football,Goa,Goa,Tier1,6.0,5.0,8.0,Onboarding,120.0,Daily,16.0,Mixed,AIFF Accredited Academy,Partially_Funded,8.0,"academy,football,accredited,aiff,reeds-fc","Age Groups: nan | Competitions: nan | Medical: Medical Provisions:Status, Physiotherapist:No, Full sized Football Pitches:No, Small sized Football Pitches:No | Logo: https://aiff.b-cdn.net/logos/sm_16526-logo_small-1766558565.png | Website: http://www.reedsfootballacademy.com",https://www.the-aiff.com/club/16526
Academy,4 For All Football Academy,Football,Goa,Goa,Tier1,6.0,5.0,8.0,Onboarding,120.0,Daily,16.0,Mixed,AIFF Accredited Academy,Partially_Funded,8.0,"academy,football,accredited,aiff,4-for-all-football-academy","Age Groups: U-12, U-14, U-16, U-18 | Competitions: nan | Medical: Medical Provisions:Status, Physiotherapist:No, Full sized Football Pitches:No, Small sized Football Pitches:No | Logo: https://aiff.b-cdn.net/uploads/sm_Logoacademynobg_1738860184.png | Website: https://4forall.com/",https://www.the-aiff.com/club/18502
Academy,Panihati Fashion Zone Football Academy,Football,Goa,Goa,Tier1,6.0,5.0,8.0,Onboarding,120.0,Daily,16.0,Mixed,AIFF Accredited Academy,Partially_Funded,8.0,"academy,football,accredited,aiff,panihati-fashion-zone-football-academy","Age Groups: U-12, U-14, U-16, U-18 | Competitions: nan | Medical: Medical Provisions:Status, Physiotherapist:No, Full sized Football Pitches:No, Small sized Football Pitches:No | Logo: https://aiff.b-cdn.net/uploads/sm_FZLOGOWHITE_1682874366.jpeg | Website: nan",https://www.the-aiff.com/club/17123
Academy,Shillong Lajong FC,Football,Goa,Goa,Tier1,6.0,5.0,8.0,Onboarding,120.0,Daily,16.0,Mixed,AIFF Accredited Academy,Partially_Funded,8.0,"academy,football,accredited,aiff,shillong-lajong-fc","Age Groups: nan | Competitions: , Indian Football League, , AIFF Elite League, , AIFF Junior League, , AIFF Sub Junior League | Medical: Medical Provisions:Status, Physiotherapist:No, Full sized Football Pitches:No, Small sized Football Pitches:No | Logo: https://aiff.b-cdn.net/logos/sm_8012-logo_small-1660315168.png | Website: nan",https://www.the-aiff.com/club/8012
Academy,TYDA,Football,Goa,Goa,Tier1,6.0,5.0,8.0,Onboarding,120.0,Daily,16.0,Mixed,AIFF Accredited Academy,Partially_Funded,8.0,"academy,football,accredited,aiff,tyda","Age Groups: nan | Competitions: , AIFF Junior League, , AIFF Sub Junior League | Medical: Medical Provisions:Status, Physiotherapist:No, Full sized Football Pitches:No, Small sized Football Pitches:No | Logo: https://aiff.b-cdn.net/logos/12628-logo-1565619016.png | Website: nan",https://www.the-aiff.com/club/12628
Academy,Bhawanipore FC,Football,Goa,Goa,Tier1,6.0,5.0,8.0,Onboarding,120.0,Daily,16.0,Mixed,AIFF Accredited Academy,Partially_Funded,8.0,"academy,football,accredited,aiff,bhawanipore-fc","Age Groups: nan | Competitions: , Second Division League, , AIFF Elite League, , AIFF Junior League, , AIFF Sub Junior League | Medical: Medical Provisions:Status, Physiotherapist:No, Full sized Football Pitches:No, Small sized Football Pitches:No | Logo: https://aiff.b-cdn.net/uploads/sm_BhawaniporeClubLogo_1769362135.png | Website: nan",https://www.the-aiff.com/club/8070
Academy,"Dream Big Soccer School India, Karur",Football,Goa,Goa,Tier1,6.0,5.0,8.0,Onboarding,120.0,Daily,16.0,Mixed,AIFF Accredited Academy,Partially_Funded,8.0,"academy,football,accredited,aiff,dream-big-soccer-school-india,-karur","Age Groups: U-12, U-14, U-16, U-18 | Competitions: nan | Medical: Medical Provisions:Status, Physiotherapist:No, Full sized Football Pitches:No, Small sized Football Pitches:No | Logo: https://aiff.b-cdn.net/uploads/sm_6179069582631876666120_1698129099.jpg | Website: http://www.dreambigsoccerschoolindia.com",https://www.the-aiff.com/club/17139
Academy,SP FOOTBALL ACADEMY,Football,Goa,Goa,Tier1,6.0,5.0,8.0,Onboarding,120.0,Daily,16.0,Mixed,AIFF Accredited Academy,Partially_Funded,8.0,"academy,football,accredited,aiff,sp-football-academy","Age Groups: nan | Competitions: nan | Medical: Medical Provisions:Status, Physiotherapist:No, Full sized Football Pitches:No, Small sized Football Pitches:No | Logo: https://aiff.b-cdn.net/uploads/sm_IMG20220223WA0018_1681483988.jpg | Website: https://www.spfootballacademy.com/",https://www.the-aiff.com/club/17128
Academy,Great Goals,Football,Panaji,Goa,Tier1,6.0,5.0,8.0,Onboarding,120.0,Daily,16.0,Mixed,AIFF Accredited Academy,Partially_Funded,8.0,"academy,football,accredited,aiff,great-goals","Age Groups: nan | Competitions: , AIFF Junior League, , AIFF Sub Junior League | Medical: Medical Provisions:Status, Physiotherapist:No, Full sized Football Pitches:No, Small sized Football Pitches:No | Logo: https://aiff.b-cdn.net/uploads/sm_greatgoalsNBlogoblack_1690365815.png | Website: http://www.greatgoalsacademy.com",https://www.the-aiff.com/club/12326
Academy,"Savvy Swaraaj FC, Ahmedabad",Football,Ahmedabad,Gujarat,Tier1,6.0,5.0,8.0,Onboarding,120.0,Daily,16.0,Mixed,AIFF Accredited Academy,Partially_Funded,8.0,"academy,football,accredited,aiff,savvy-swaraaj-fc,-ahmedabad","Age Groups: nan | Competitions: nan | Medical: Medical Provisions:Status, Physiotherapist:No, Full sized Football Pitches:No, Small sized Football Pitches:No | Logo: https://aiff.b-cdn.net/uploads/sm_file00000000682861f78d728921ba66a502_1757664795.png | Website: http://www.swaraajsports.com",https://www.the-aiff.com/club/20993
Academy,TLT SPORTS ACADEMY,Football,Goa,Goa,Tier1,6.0,5.0,8.0,Onboarding,120.0,Daily,16.0,Mixed,AIFF Accredited Academy,Partially_Funded,8.0,"academy,football,accredited,aiff,tlt-sports-academy","Age Groups: nan | Competitions: nan | Medical: Medical Provisions:Status, Physiotherapist:No, Full sized Football Pitches:No, Small sized Football Pitches:No | Logo: https://aiff.b-cdn.net/uploads/sm_Logo_1749804598.jpg | Website: nan",https://www.the-aiff.com/club/20778
Academy,Conscient Football Bangalore,Football,Goa,Goa,Tier1,6.0,5.0,8.0,Onboarding,120.0,Daily,16.0,Mixed,AIFF Accredited Academy,Partially_Funded,8.0,"academy,football,accredited,aiff,conscient-football-bangalore","Age Groups: nan | Competitions: nan | Medical: Medical Provisions:Status, Physiotherapist:No, Full sized Football Pitches:No, Small sized Football Pitches:No | Logo: https://aiff.b-cdn.net/logos/sm_13743-logo_small-1721892224.jpeg | Website: nan",https://www.the-aiff.com/club/13743
Academy,NOVA Football Club,Football,Goa,Goa,Tier1,6.0,5.0,8.0,Onboarding,120.0,Daily,16.0,Mixed,AIFF Accredited Academy,Partially_Funded,8.0,"academy,football,accredited,aiff,nova-football-club","Age Groups: U-12, U-14, U-16, U-17, U-18 | Competitions: nan | Medical: Medical Provisions:Status, Physiotherapist:No, Full sized Football Pitches:No, Small sized Football Pitches:No | Logo: https://aiff.b-cdn.net/uploads/sm_NOVAFCLogo_1750220053.jpg | Website: http://www.novafoundation.in",https://www.the-aiff.com/club/20922
Academy,Kerala Blasters Football Club,Football,Kochi,Kerala,Tier1,6.0,5.0,8.0,Onboarding,120.0,Daily,16.0,Mixed,AIFF Accredited Academy,Partially_Funded,8.0,"academy,football,accredited,aiff,kerala-blasters-football-club","Age Groups: nan | Competitions: , Indian Super League, , Second Division League, , AIFF Elite League, , AIFF Junior League, , AIFF Sub Junior League, , Hero Super Cup | Medical: Medical Provisions:Status, Physiotherapist:No, Full sized Football Pitches:No, Small sized Football Pitches:No | Logo: https://aiff.b-cdn.net/logos/sm_8982-logo_small-1608191863.jpg | Website: https://keralablastersfc.in/",https://www.the-aiff.com/club/8982
Academy,Sportto Soccer Club,Football,Goa,Goa,Tier1,6.0,5.0,8.0,Onboarding,120.0,Daily,16.0,Mixed,AIFF Accredited Academy,Partially_Funded,8.0,"academy,football,accredited,aiff,sportto-soccer-club","Age Groups: nan | Competitions: nan | Medical: Medical Provisions:Status, Physiotherapist:No, Full sized Football Pitches:No, Small sized Football Pitches:No | Logo: https://aiff.b-cdn.net/logos/sm_11989-logo_small-1676443945.png | Website: http://www.sporttosoccerclub.com",https://www.the-aiff.com/club/11989
Academy,FAO ACADEMY,Football,Goa,Goa,Tier1,6.0,5.0,8.0,Onboarding,120.0,Daily,16.0,Mixed,AIFF Accredited Academy,Partially_Funded,8.0,"academy,football,accredited,aiff,fao-academy","Age Groups: nan | Competitions: , AIFF Elite League, , AIFF Junior League, , AIFF Sub Junior League | Medical: Medical Provisions:Status, Physiotherapist:No, Full sized Football Pitches:No, Small sized Football Pitches:No | Logo: https://aiff.b-cdn.net/logos/12397-Slogo-1576385888.jpeg | Website: nan",https://www.the-aiff.com/club/12397
Academy,Real Kashmir FC,Football,Goa,Goa,Tier1,6.0,5.0,8.0,Onboarding,120.0,Daily,16.0,Mixed,AIFF Accredited Academy,Partially_Funded,8.0,"academy,football,accredited,aiff,real-kashmir-fc","Age Groups: nan | Competitions: , Indian Football League, , AIFF Elite League, , AIFF Junior League, , AIFF Sub Junior League, , Hero Super Cup, , Durand Cup | Medical: Medical Provisions:Status, Physiotherapist:No, Full sized Football Pitches:No, Small sized Football Pitches:No | Logo: https://aiff.b-cdn.net/logos/sm_11497-logo_small-1645793815.png | Website: https://www.realkashmirfc.com/",https://www.the-aiff.com/club/11497
Academy,POLOI FOOTBALL CLUB,Football,Goa,Goa,Tier1,6.0,5.0,8.0,Onboarding,120.0,Daily,16.0,Mixed,AIFF Accredited Academy,Partially_Funded,8.0,"academy,football,accredited,aiff,poloi-football-club","Age Groups: nan | Competitions: nan | Medical: Medical Provisions:Status, Physiotherapist:No, Full sized Football Pitches:No, Small sized Football Pitches:No | Logo: https://aiff.b-cdn.net/uploads/sm_IMG85661_1719944804.png | Website: nan",https://www.the-aiff.com/club/15982
Academy,Sanjeevan Sports Academy,Football,Goa,Goa,Tier1,6.0,5.0,8.0,Onboarding,120.0,Daily,16.0,Mixed,AIFF Accredited Academy,Partially_Funded,8.0,"academy,football,accredited,aiff,sanjeevan-sports-academy","Age Groups: U-12, U-13 | Competitions: nan | Medical: Medical Provisions:Status, Physiotherapist:No, Full sized Football Pitches:No, Small sized Football Pitches:No | Logo: https://aiff.b-cdn.net/logos/sm_19031-logo_small-1765177562.jpg | Website: nan",https://www.the-aiff.com/club/19031
Academy,Rudra FC,Football,Goa,Goa,Tier1,6.0,5.0,8.0,Onboarding,120.0,Daily,16.0,Mixed,AIFF Accredited Academy,Partially_Funded,8.0,"academy,football,accredited,aiff,rudra-fc","Age Groups: nan | Competitions: nan | Medical: Medical Provisions:Status, Physiotherapist:No, Full sized Football Pitches:No, Small sized Football Pitches:No | Logo: https://aiff.b-cdn.net/uploads/sm_RudraFcLogo_1704361272.png | Website: http://www.rudrafc.com",https://www.the-aiff.com/club/12462
Academy,A & N Soccer School,Football,Goa,Goa,Tier1,6.0,5.0,8.0,Onboarding,120.0,Daily,16.0,Mixed,AIFF Accredited Academy,Partially_Funded,8.0,"academy,football,accredited,aiff,a-&-n-soccer-school","Age Groups: nan | Competitions: nan | Medical: Medical Provisions:Status, Physiotherapist:No, Full sized Football Pitches:No, Small sized Football Pitches:No | Logo: https://aiff.b-cdn.net/uploads/sm_WhatsAppImage20240704at133032dfc789b9_1722245983.jpg | Website: https://ansoccerschool.in/",https://www.the-aiff.com/club/19101
Academy,"SAIL FOOTBALL ACADEMY, BOKARO, JHARKHAND",Football,Goa,Goa,Tier1,6.0,5.0,8.0,Onboarding,120.0,Daily,16.0,Mixed,AIFF Accredited Academy,Partially_Funded,8.0,"academy,football,accredited,aiff,sail-football-academy,-bokaro,-jharkhand","Age Groups: nan | Competitions: , AIFF Elite League | Medical: Medical Provisions:Status, Physiotherapist:No, Full sized Football Pitches:No, Small sized Football Pitches:No | Logo: https://aiff.b-cdn.net/logos/11476-Slogo-1576385742.jpg | Website: nan",https://www.the-aiff.com/club/11476
Academy,India Rush Soccer Club,Football,Goa,Goa,Tier1,6.0,5.0,8.0,Onboarding,120.0,Daily,16.0,Mixed,AIFF Accredited Academy,Partially_Funded,8.0,"academy,football,accredited,aiff,india-rush-soccer-club","Age Groups: nan | Competitions: , AIFF Elite League, , AIFF Junior League, , AIFF Sub Junior League | Medical: Medical Provisions:Status, Physiotherapist:No, Full sized Football Pitches:No, Small sized Football Pitches:No | Logo: https://aiff.b-cdn.net/uploads/sm_Logo_1578642843.png | Website: http://www.indiarushsoccer.com",https://www.the-aiff.com/club/11415
Academy,Little Star Academy,Football,Goa,Goa,Tier1,6.0,5.0,8.0,Onboarding,120.0,Daily,16.0,Mixed,AIFF Accredited Academy,Partially_Funded,8.0,"academy,football,accredited,aiff,little-star-academy","Age Groups: nan | Competitions: nan | Medical: Medical Provisions:Status, Physiotherapist:No, Full sized Football Pitches:No, Small sized Football Pitches:No | Logo: https://aiff.b-cdn.net/logos/sm_14557-logo_small-1679826989.png | Website: nan",https://www.the-aiff.com/club/14557
Academy,Yazhi Football Club,Football,Goa,Goa,Tier1,6.0,5.0,8.0,Onboarding,120.0,Daily,16.0,Mixed,AIFF Accredited Academy,Partially_Funded,8.0,"academy,football,accredited,aiff,yazhi-football-club","Age Groups: nan | Competitions: nan | Medical: Medical Provisions:Status, Physiotherapist:No, Full sized Football Pitches:No, Small sized Football Pitches:No | Logo: https://aiff.b-cdn.net/uploads/sm_IMG20251107080507_1763386461.jpg | Website: nan",https://www.the-aiff.com/club/19124
Academy,Northern United Football Club,Football,Goa,Goa,Tier1,6.0,5.0,8.0,Onboarding,120.0,Daily,16.0,Mixed,AIFF Accredited Academy,Partially_Funded,8.0,"academy,football,accredited,aiff,northern-united-football-club","Age Groups: nan | Competitions: nan | Medical: Medical Provisions:Status, Physiotherapist:No, Full sized Football Pitches:No, Small sized Football Pitches:No | Logo: https://aiff.b-cdn.net/uploads/sm_fc_1677561965.jpg | Website: http://northernunitedfc.in/",https://www.the-aiff.com/club/16632
Academy,Kodagu FC,Football,Goa,Goa,Tier1,6.0,5.0,8.0,Onboarding,120.0,Daily,16.0,Mixed,AIFF Accredited Academy,Partially_Funded,8.0,"academy,football,accredited,aiff,kodagu-fc","Age Groups: nan | Competitions: nan | Medical: Medical Provisions:Status, Physiotherapist:No, Full sized Football Pitches:No, Small sized Football Pitches:No | Logo: https://aiff.b-cdn.net/uploads/sm_KODAGUFCLOGO2021_1634318445.jpg | Website: http://www.kodagufc.com",https://www.the-aiff.com/club/14105
Academy,Infocus Sports Academy,Football,Goa,Goa,Tier1,6.0,5.0,8.0,Onboarding,120.0,Daily,16.0,Mixed,AIFF Accredited Academy,Partially_Funded,8.0,"academy,football,accredited,aiff,infocus-sports-academy","Age Groups: nan | Competitions: nan | Medical: Medical Provisions:Status, Physiotherapist:No, Full sized Football Pitches:No, Small sized Football Pitches:No | Logo: https://aiff.b-cdn.net/uploads/sm_logoISA_1769058970.png | Website: nan",https://www.the-aiff.com/club/20992
Academy,SP ONE FOUNDATION,Football,Goa,Goa,Tier1,6.0,5.0,8.0,Onboarding,120.0,Daily,16.0,Mixed,AIFF Accredited Academy,Partially_Funded,8.0,"academy,football,accredited,aiff,sp-one-foundation","Age Groups: nan | Competitions: nan | Medical: Medical Provisions:Status, Physiotherapist:No, Full sized Football Pitches:No, Small sized Football Pitches:No | Logo: https://aiff.b-cdn.net/logos/sm_19115-logo_small-1757654840.jpg | Website: nan",https://www.the-aiff.com/club/19115
Academy,Sporthood FC,Football,Goa,Goa,Tier1,6.0,5.0,8.0,Onboarding,120.0,Daily,16.0,Mixed,AIFF Accredited Academy,Partially_Funded,8.0,"academy,football,accredited,aiff,sporthood-fc","Age Groups: nan | Competitions: nan | Medical: Medical Provisions:Status, Physiotherapist:No, Full sized Football Pitches:No, Small sized Football Pitches:No | Logo: https://the-aiff.com/assets/images/logo_default_club.png | Website: nan",https://www.the-aiff.com/club/14374
Academy,SANG-GAI HEROES,Football,Goa,Goa,Tier1,6.0,5.0,8.0,Onboarding,120.0,Daily,16.0,Mixed,AIFF Accredited Academy,Partially_Funded,8.0,"academy,football,accredited,aiff,sang-gai-heroes","Age Groups: nan | Competitions: nan | Medical: Medical Provisions:Status, Physiotherapist:No, Full sized Football Pitches:No, Small sized Football Pitches:No | Logo: https://aiff.b-cdn.net/logos/sm_16546-logo_small-1731319496.png | Website: nan",https://www.the-aiff.com/club/16546
Academy,New Football Club Kerala,Football,Kochi,Kerala,Tier1,6.0,5.0,8.0,Onboarding,120.0,Daily,16.0,Mixed,AIFF Accredited Academy,Partially_Funded,8.0,"academy,football,accredited,aiff,new-football-club-kerala","Age Groups: nan | Competitions: nan | Medical: Medical Provisions:Status, Physiotherapist:No, Full sized Football Pitches:No, Small sized Football Pitches:No | Logo: https://aiff.b-cdn.net/uploads/sm_FOOTBALLCLUBKERALA11_1749178615.png | Website: http://footballclubkerala. com",https://www.the-aiff.com/club/12087
Academy,Raman Vijayan Soccer School,Football,Goa,Goa,Tier1,6.0,5.0,8.0,Onboarding,120.0,Daily,16.0,Mixed,AIFF Accredited Academy,Partially_Funded,8.0,"academy,football,accredited,aiff,raman-vijayan-soccer-school","Age Groups: U-12, U-14, U-16, U-18 | Competitions: , AIFF Elite League, , AIFF Junior League, , AIFF Sub Junior League | Medical: Medical Provisions:Status, Physiotherapist:No, Full sized Football Pitches:No, Small sized Football Pitches:No | Logo: https://aiff.b-cdn.net/uploads/sm_RVSSLogo_1583556681.jpg | Website: http://www.rvssfootball.com",https://www.the-aiff.com/club/11789
Academy,LUCKNOW FALCONS FOOTBALL CLUB,Football,Lucknow,Uttar Pradesh,Tier1,6.0,5.0,8.0,Onboarding,120.0,Daily,16.0,Mixed,AIFF Accredited Academy,Partially_Funded,8.0,"academy,football,accredited,aiff,lucknow-falcons-football-club","Age Groups: U-12, U-15, U-16, U-18 | Competitions: nan | Medical: Medical Provisions:Status, Physiotherapist:No, Full sized Football Pitches:No, Small sized Football Pitches:No | Logo: https://aiff.b-cdn.net/uploads/sm_IMG4006_1749283975.png | Website: nan",https://www.the-aiff.com/club/20888
Academy,SADAR HILLS FA,Football,Goa,Goa,Tier1,6.0,5.0,8.0,Onboarding,120.0,Daily,16.0,Mixed,AIFF Accredited Academy,Partially_Funded,8.0,"academy,football,accredited,aiff,sadar-hills-fa","Age Groups: nan | Competitions: nan | Medical: Medical Provisions:Status, Physiotherapist:No, Full sized Football Pitches:No, Small sized Football Pitches:No | Logo: https://aiff.b-cdn.net/uploads/sm_sfamainlogo_1749720796.png | Website: nan",https://www.the-aiff.com/club/20890
Academy,Rebels FC,Football,Goa,Goa,Tier1,6.0,5.0,8.0,Onboarding,120.0,Daily,16.0,Mixed,AIFF Accredited Academy,Partially_Funded,8.0,"academy,football,accredited,aiff,rebels-fc","Age Groups: nan | Competitions: nan | Medical: Medical Provisions:Status, Physiotherapist:No, Full sized Football Pitches:No, Small sized Football Pitches:No | Logo: https://aiff.b-cdn.net/logos/12998-Slogo-1576385898.jpg | Website: https://rfcfootballacademy.in/",https://www.the-aiff.com/club/12998
Academy,Kahaani Football Club,Football,Goa,Goa,Tier1,6.0,5.0,8.0,Onboarding,120.0,Daily,16.0,Mixed,AIFF Accredited Academy,Partially_Funded,8.0,"academy,football,accredited,aiff,kahaani-football-club","Age Groups: U-12, U-14, U-16 | Competitions: , AIFF Elite League, , AIFF Junior League, , AIFF Sub Junior League | Medical: Medical Provisions:Status, Physiotherapist:No, Full sized Football Pitches:No, Small sized Football Pitches:No | Logo: https://aiff.b-cdn.net/uploads/sm_kahaani5ColourLogo_1577956263.png | Website: http://www.kahaanifc.com",https://www.the-aiff.com/club/8641
Academy,SOUTH DUMDUM MUNICIPAL SPORTS ACADEMY,Football,Goa,Goa,Tier1,6.0,5.0,8.0,Onboarding,120.0,Daily,16.0,Mixed,AIFF Accredited Academy,Partially_Funded,8.0,"academy,football,accredited,aiff,south-dumdum-municipal-sports-academy","Age Groups: nan | Competitions: nan | Medical: Medical Provisions:Status, Physiotherapist:No, Full sized Football Pitches:No, Small sized Football Pitches:No | Logo: https://aiff.b-cdn.net/uploads/sm_download_1720609804.png | Website: nan",https://www.the-aiff.com/club/11582
Academy,STEMFIELD FOOTBALL CLUB JABALPUR,Football,Goa,Goa,Tier1,6.0,5.0,8.0,Onboarding,120.0,Daily,16.0,Mixed,AIFF Accredited Academy,Partially_Funded,8.0,"academy,football,accredited,aiff,stemfield-football-club-jabalpur","Age Groups: U-12, U-16 | Competitions: nan | Medical: Medical Provisions:Status, Physiotherapist:No, Full sized Football Pitches:No, Small sized Football Pitches:No | Logo: https://aiff.b-cdn.net/uploads/sm_STEMFIELDFCLOGO_1692440974.jpg | Website: http://www.stemfield.com",https://www.the-aiff.com/club/17575
Academy,Oscar Foundation- Mumbai,Football,Mumbai,Maharashtra,Tier1,6.0,5.0,8.0,Onboarding,120.0,Daily,16.0,Mixed,AIFF Accredited Academy,Partially_Funded,8.0,"academy,football,accredited,aiff,oscar-foundation--mumbai","Age Groups: U-12, U-13, U-14, U-15, U-16, U-17, U-18 | Competitions: , AIFF Elite League, , AIFF Junior League, , AIFF Sub Junior League | Medical: Medical Provisions:Status, Physiotherapist:No, Full sized Football Pitches:No, Small sized Football Pitches:No | Logo: https://aiff.b-cdn.net/logos/sm_12188-logo_small-1720439327.jpg | Website: http://www.oscar-foundation.org",https://www.the-aiff.com/club/12188
Academy,Puzhal Football Coaching Association,Football,Goa,Goa,Tier1,6.0,5.0,8.0,Onboarding,120.0,Daily,16.0,Mixed,AIFF Accredited Academy,Partially_Funded,8.0,"academy,football,accredited,aiff,puzhal-football-coaching-association","Age Groups: nan | Competitions: nan | Medical: Medical Provisions:Status, Physiotherapist:No, Full sized Football Pitches:No, Small sized Football Pitches:No | Logo: https://aiff.b-cdn.net/uploads/sm_PFCAFootballLogoWHITEBG_1721592056.jpg | Website: nan",https://www.the-aiff.com/club/19080
Academy,Alpha Sports Academy,Football,Goa,Goa,Tier1,6.0,5.0,8.0,Onboarding,120.0,Daily,16.0,Mixed,AIFF Accredited Academy,Partially_Funded,8.0,"academy,football,accredited,aiff,alpha-sports-academy","Age Groups: nan | Competitions: nan | Medical: Medical Provisions:Status, Physiotherapist:No, Full sized Football Pitches:No, Small sized Football Pitches:No | Logo: https://aiff.b-cdn.net/logos/lr_16648-logo-1670551899.jfif | Website: http://www.alphasports.one",https://www.the-aiff.com/club/16648
Academy,Mahogany FC,Football,Goa,Goa,Tier1,6.0,5.0,8.0,Onboarding,120.0,Daily,16.0,Mixed,AIFF Accredited Academy,Partially_Funded,8.0,"academy,football,accredited,aiff,mahogany-fc","Age Groups: nan | Competitions: nan | Medical: Medical Provisions:Status, Physiotherapist:No, Full sized Football Pitches:No, Small sized Football Pitches:No | Logo: https://aiff.b-cdn.net/uploads/sm_Mahogany2006LogoSquareTransparent_1698319278.png | Website: http://www.mahoganyfc.com",https://www.the-aiff.com/club/17137
Academy,CHIKIM FA,Football,Goa,Goa,Tier1,6.0,5.0,8.0,Onboarding,120.0,Daily,16.0,Mixed,AIFF Accredited Academy,Partially_Funded,8.0,"academy,football,accredited,aiff,chikim-fa","Age Groups: U-12, U-14, U-16, U-18 | Competitions: nan | Medical: Medical Provisions:Status, Physiotherapist:No, Full sized Football Pitches:No, Small sized Football Pitches:No | Logo: https://aiff.b-cdn.net/uploads/sm_CHIKIMFALOGOcopy_1751649938.jpg | Website: nan",https://www.the-aiff.com/club/20937
Academy,LAMKA FA,Football,Goa,Goa,Tier1,6.0,5.0,8.0,Onboarding,120.0,Daily,16.0,Mixed,AIFF Accredited Academy,Partially_Funded,8.0,"academy,football,accredited,aiff,lamka-fa","Age Groups: U-12, U-14, U-16, U-18 | Competitions: nan | Medical: Medical Provisions:Status, Physiotherapist:No, Full sized Football Pitches:No, Small sized Football Pitches:No | Logo: https://aiff.b-cdn.net/uploads/sm_NewLogocopybb_1748498086.jpg | Website: nan",https://www.the-aiff.com/club/19020
Academy,MUVANLAI ATHLETICS,Football,Goa,Goa,Tier1,6.0,5.0,8.0,Onboarding,120.0,Daily,16.0,Mixed,AIFF Accredited Academy,Partially_Funded,8.0,"academy,football,accredited,aiff,muvanlai-athletics","Age Groups: nan | Competitions: nan | Medical: Medical Provisions:Status, Physiotherapist:No, Full sized Football Pitches:No, Small sized Football Pitches:No | Logo: https://aiff.b-cdn.net/logos/11492-Slogo-1576385742.jpg | Website: nan",https://www.the-aiff.com/club/11492
Academy,City FC Pune,Football,Pune,Maharashtra,Tier1,6.0,5.0,8.0,Onboarding,120.0,Daily,16.0,Mixed,AIFF Accredited Academy,Partially_Funded,8.0,"academy,football,accredited,aiff,city-fc-pune","Age Groups: U-12, U-14 | Competitions: nan | Medical: Medical Provisions:Status, Physiotherapist:No, Full sized Football Pitches:No, Small sized Football Pitches:No | Logo: https://aiff.b-cdn.net/uploads/sm_CITYFCLOGO2021_1658769379.png | Website: http://cityfcpune.com",https://www.the-aiff.com/club/16122
Academy,Athlead Football Club,Football,Goa,Goa,Tier1,6.0,5.0,8.0,Onboarding,120.0,Daily,16.0,Mixed,AIFF Accredited Academy,Partially_Funded,8.0,"academy,football,accredited,aiff,athlead-football-club","Age Groups: nan | Competitions: nan | Medical: Medical Provisions:Status, Physiotherapist:No, Full sized Football Pitches:No, Small sized Football Pitches:No | Logo: https://the-aiff.com/assets/images/logo_default_club.png | Website: nan",https://www.the-aiff.com/club/20982
Academy,Nashik Juniors Football Club - Nashik,Football,Goa,Goa,Tier1,6.0,5.0,8.0,Onboarding,120.0,Daily,16.0,Mixed,AIFF Accredited Academy,Partially_Funded,8.0,"academy,football,accredited,aiff,nashik-juniors-football-club---nashik","Age Groups: nan | Competitions: nan | Medical: Medical Provisions:Status, Physiotherapist:No, Full sized Football Pitches:No, Small sized Football Pitches:No | Logo: https://aiff.b-cdn.net/uploads/sm_NJ_1757840324.jpg | Website: nan",https://www.the-aiff.com/club/20893
Coach,Pullela Gopichand,Badminton,,Telangana,,,,,,,,,,Dronacharya Awardee,,,,"Chief National Coach for the Indian Badminton team, mentor to PV Sindhu and Saina Nehwal.",
Coach,Satpal Singh,Wrestling,,Delhi,,,,,,,,,,Dronacharya Awardee,,,,"Gold medalist, coaches at Chhatrasal Stadium. Mentor to Olympic medalists Sushil Kumar and Yogeshwar Dutt.",
Coach,Rahul Dravid,Cricket,,Karnataka,,,,,,,,,,National,,,,Former Indian captain and head coach of the Indian national cricket team.,
Coach,Jaspal Rana,Shooting,,Uttarakhand,,,,,,,,,,National,,,,"Key figure in nurturing young Indian shooting talent, multiple Asian Games gold medalist.",
Coach,Mahavir Singh Phogat,Wrestling,,Haryana,,,,,,,,,,Dronacharya Awardee,,,,Senior Olympics coach. Trained Geeta Phogat and Babita Kumari to international success.,
Coach,O.M. Nambiar,Athletics,,Kerala,,,,,,,,,,Dronacharya Awardee,,,,Renowned for mentoring legendary sprinter P.T. Usha.,
Coach,Balkrishan Singh,Hockey,,Punjab,,,,,,,,,,Olympic Coach,,,,Won Olympic gold as player (1956) and coach (1980).,
Coach,Bishweshwar Nandi,Gymnastics,,Tripura,,,,,,,,,,Dronacharya Awardee,,,,Coached gymnast Dipa Karmakar to her historic Olympic performance.,
Coach,Syed Abdul Rahim,Football,,Telangana,,,,,,,,,,Former National Coach,,,,"Architect of modern Indian football, led India to Asian Games gold.",
Coach,Vimal Kumar,Badminton,,Karnataka,,,,,,,,,,National,,,,Co-founder of Prakash Padukone Badminton Academy.,
Athlete,Neeraj Chopra,Athletics,,Haryana,,,,,,,,,,International,,,,Javelin Throw | Olympic Gold Medalist (Tokyo 2020) and World Champion.,
Athlete,PV Sindhu,Badminton,,Telangana,,,,,,,,,,International,,,,"Women's Singles | Two-time Olympic Medalist (Silver, Bronze) and World Champion.",
Athlete,Mirabai Chanu,Weightlifting,,Manipur,,,,,,,,,,International,,,,49kg Category | Olympic Silver Medalist (Tokyo 2020) and World Champion.,
Athlete,Mary Kom,Boxing,,Manipur,,,,,,,,,,International,,,,Multiple categories | Six-time World Champion and Olympic Bronze Medalist.,
Athlete,Sunil Chhetri,Football,,Telangana,,,,,,,,,,International,,,,"Striker | Former Captain of the Indian National Team, record goalscorer.",
Athlete,Sushil Kumar,Wrestling,,Delhi,,,,,,,,,,International,,,,"66kg Freestyle | Two-time Olympic Medalist (Silver, Bronze) and World Champion.",
Athlete,PR Sreejesh,Hockey,,Kerala,,,,,,,,,,International,,,,Goalkeeper | Olympic Bronze Medalist (Tokyo 2020).,
Athlete,Lovlina Borgohain,Boxing,,Assam,,,,,,,,,,International,,,,69kg Category | Olympic Bronze Medalist (Tokyo 2020) and World Champion.,
Athlete,Bajrang Punia,Wrestling,,Haryana,,,,,,,,,,International,,,,65kg Freestyle | Olympic Bronze Medalist (Tokyo 2020).,
Athlete,Manu Bhaker,Shooting,,Haryana,,,,,,,,,,International,,,,10m Air Pistol | Double Olympic Bronze Medalist (Paris 2024).,
Coach,Deepali Deshpande,Shooting,,Maharashtra,,,,,,,,,,Dronacharya Awardee,,,,Former Olympic shooter and 2024 Dronacharya Awardee for coaching excellence.,
Coach,Sandeep Sangwan,Hockey,,Haryana,,,,,,,,,,Dronacharya Awardee,,,,"Hockey coach, awarded 2024 Dronacharya for consistent excellence.",
Coach,S. Muralidharan,Badminton,,Kerala,,,,,,,,,,Dronacharya Awardee,,,,"Badminton coach, 2024 Lifetime Dronacharya Awardee.",
Coach,Armando Agnelo Colaco,Football,,Goa,,,,,,,,,,Dronacharya Awardee,,,,"Legendary Indian football manager, 2024 Lifetime Dronacharya Awardee.",
Coach,Lalit Kumar,Wrestling,,Delhi,,,,,,,,,,Dronacharya Awardee,,,,"Wrestling coach, 2023 Dronacharya Awardee.",
Coach,R. B. Ramesh,Chess,,Tamil Nadu,,,,,,,,,,Dronacharya Awardee,,,,"Renowned chess coach, 2023 Dronacharya Awardee.",
Coach,Shivendra Singh,Hockey,,Madhya Pradesh,,,,,,,,,,Dronacharya Awardee,,,,Former international player and 2023 Dronacharya Awardee.,
Coach,Ganesh Prabhakar Devrukhkar,Mallakhamb,,Maharashtra,,,,,,,,,,Dronacharya Awardee,,,,"Mallakhamb coach, 2023 Dronacharya Awardee.",
Coach,Jaskirat Singh Grewal,Golf,,Punjab,,,,,,,,,,Dronacharya Awardee,,,,"Golf coach, 2023 Lifetime Dronacharya Awardee.",
Coach,Bhaskaran E.,Kabaddi,,Tamil Nadu,,,,,,,,,,Dronacharya Awardee,,,,"Kabaddi coach, 2023 Lifetime Dronacharya Awardee.",
Coach,Jayanta Kumar Pushilal,Table Tennis,,West Bengal,,,,,,,,,,Dronacharya Awardee,,,,"Table Tennis coach, 2023 Lifetime Dronacharya Awardee.",
Coach,P.K. Banerjee,Football,,West Bengal,,,,,,,,,,Legendary Coach,,,,One of India's greatest footballers and legendary coach for national team and clubs.,
Coach,Amal Dutta,Football,,West Bengal,,,,,,,,,,National,,,,"India's first professional football coach, known for tactical innovation.",
Coach,Syed Nayeemuddin,Football,,Telangana,,,,,,,,,,Dronacharya Awardee,,,,Only person to win both Arjuna and Dronacharya awards in football.,
Coach,Ilyas Babar,Athletics,,Telangana,,,,,,,,,,Dronacharya Awardee,,,,Highly respected athletics coach who mentored several top-tier Indian athletes.,
Coach,Robert Bobby George,Athletics,,Kerala,,,,,,,,,,Dronacharya Awardee,,,,"Renowned long jump coach, mentored Anju Bobby George.",
Coach,R.D. Singh,Athletics,,Rajasthan,,,,,,,,,,Dronacharya Awardee,,,,Instrumental in training Indian para-athletes to international success.,
Coach,Ravi Shastri,Cricket,,Maharashtra,,,,,,,,,,Former National Coach,,,,Highly successful former head coach of the Indian Men's Cricket Team.,
Coach,Anil Kumble,Cricket,,Karnataka,,,,,,,,,,Former National Coach,,,,Legendary spinner and former head coach of the Indian cricket team.,
Coach,Gurbaksh Singh Sandhu,Boxing,,Punjab,,,,,,,,,,Dronacharya Awardee,,,,"Longest-serving national boxing coach, led India to its first Olympic boxing medal.",
Coach,B.I. Fernandez,Boxing,,Delhi,,,,,,,,,,Dronacharya Awardee,,,,Cuban coach who revolutionized Indian amateur boxing alongside GS Sandhu.,
Coach,Sanjay Bhardwaj,Cricket,,Delhi,,,,,,,,,,Dronacharya Awardee,,,,Mentored Gautam Gambhir and Amit Mishra.,
Coach,Rajkumar Sharma,Cricket,,Delhi,,,,,,,,,,Dronacharya Awardee,,,,Childhood coach of Virat Kohli.,
Coach,Tarak Sinha,Cricket,,Delhi,,,,,,,,,,Dronacharya Awardee,,,,"Founder of Sonnet Club, produced numerous international cricketers.",
Coach,S.M. Arif,Badminton,,Telangana,,,,,,,,,,Dronacharya Awardee,,,,"Former chief national badminton coach, Padma Shri awardee.",
Coach,Nihar Ameen,Swimming,,Karnataka,,,,,,,,,,Dronacharya Awardee,,,,"Top swimming coach, mentors elite Indian swimmers.",
